merchant_code,week,denominator_status_complete,orders_row_exists,order_count,sales_qty,page_result_reason
(阿里)250g黄冰糖浆1瓶,2026-08-09..2026-08-16,1,1,167,167.0000,aggregate_row
(阿里)250g黄冰糖浆1瓶,2026-08-16..2026-08-23,1,1,100,102.0000,aggregate_row
(阿里)250g黄冰糖浆1瓶,2026-08-23..2026-08-30,1,1,58,58.0000,aggregate_row
(阿里)250g黄冰糖浆1瓶,2026-08-30..2026-09-06,1,1,39,39.0000,aggregate_row
(阿里)250g黄冰糖浆1瓶,2026-09-06..2026-09-13,1,1,13,13.0000,aggregate_row
(阿里)500g黄冰糖浆1瓶,2026-08-09..2026-08-16,1,1,149,161.0000,aggregate_row
(阿里)500g黄冰糖浆1瓶,2026-08-16..2026-08-23,1,1,83,84.0000,aggregate_row
(阿里)500g黄冰糖浆1瓶,2026-08-23..2026-08-30,1,1,80,87.0000,aggregate_row
(阿里)500g黄冰糖浆1瓶,2026-08-30..2026-09-06,1,1,34,35.0000,aggregate_row
(阿里)500g黄冰糖浆1瓶,2026-09-06..2026-09-13,1,1,27,29.0000,aggregate_row
0100101,2026-08-09..2026-08-16,1,1,109,110.0000,aggregate_row
0100101,2026-08-16..2026-08-23,1,1,66,68.0000,aggregate_row
0100101,2026-08-23..2026-08-30,1,1,64,67.0000,aggregate_row
0100101,2026-08-30..2026-09-06,1,1,41,43.0000,aggregate_row
0100101,2026-09-06..2026-09-13,1,1,59,70.0000,aggregate_row
0100101*10,2026-08-09..2026-08-16,1,1,8,9.0000,aggregate_row
0100101*10,2026-08-16..2026-08-23,1,1,3,4.0000,aggregate_row
0100101*10,2026-08-23..2026-08-30,1,1,9,11.0000,aggregate_row
0100101*10,2026-08-30..2026-09-06,1,1,7,8.0000,aggregate_row
0100101*10,2026-09-06..2026-09-13,1,1,9,11.0000,aggregate_row
0100101*2,2026-08-09..2026-08-16,1,1,31,31.0000,aggregate_row
0100101*2,2026-08-16..2026-08-23,1,1,23,24.0000,aggregate_row
0100101*2,2026-08-23..2026-08-30,1,1,25,25.0000,aggregate_row
0100101*2,2026-08-30..2026-09-06,1,1,33,33.0000,aggregate_row
0100101*2,2026-09-06..2026-09-13,1,1,39,39.0000,aggregate_row
0100101*3,2026-08-09..2026-08-16,1,1,80,80.0000,aggregate_row
0100101*3,2026-08-16..2026-08-23,1,1,73,74.0000,aggregate_row
0100101*3,2026-08-23..2026-08-30,1,1,69,71.0000,aggregate_row
0100101*3,2026-08-30..2026-09-06,1,1,74,74.0000,aggregate_row
0100101*3,2026-09-06..2026-09-13,1,1,85,90.0000,aggregate_row
0100101*30,2026-08-09..2026-08-16,1,1,2,3.0000,aggregate_row
0100101*30,2026-08-16..2026-08-23,1,1,2,2.0000,aggregate_row
0100101*30,2026-08-23..2026-08-30,1,1,2,2.0000,aggregate_row
0100101*30,2026-08-30..2026-09-06,1,1,1,1.0000,aggregate_row
0100101*30,2026-09-06..2026-09-13,1,1,3,6.0000,aggregate_row
0100101*6,2026-08-09..2026-08-16,1,1,45,48.0000,aggregate_row
0100101*6,2026-08-16..2026-08-23,1,1,41,43.0000,aggregate_row
0100101*6,2026-08-23..2026-08-30,1,1,44,45.0000,aggregate_row
0100101*6,2026-08-30..2026-09-06,1,1,36,37.0000,aggregate_row
0100101*6,2026-09-06..2026-09-13,1,1,44,47.0000,aggregate_row
0100102,2026-08-09..2026-08-16,1,1,22,22.0000,aggregate_row
0100102,2026-08-16..2026-08-23,1,1,21,25.0000,aggregate_row
0100102,2026-08-23..2026-08-30,1,1,17,19.0000,aggregate_row
0100102,2026-08-30..2026-09-06,1,1,17,17.0000,aggregate_row
0100102,2026-09-06..2026-09-13,1,1,25,27.0000,aggregate_row
0100102*2,2026-08-09..2026-08-16,1,1,66,67.0000,aggregate_row
0100102*2,2026-08-16..2026-08-23,1,1,58,58.0000,aggregate_row
0100102*2,2026-08-23..2026-08-30,1,1,38,39.0000,aggregate_row
0100102*2,2026-08-30..2026-09-06,1,1,80,80.0000,aggregate_row
0100102*2,2026-09-06..2026-09-13,1,1,106,106.0000,aggregate_row
0100102*20,2026-08-09..2026-08-16,1,1,12,19.0000,aggregate_row
0100102*20,2026-08-16..2026-08-23,1,1,11,13.0000,aggregate_row
0100102*20,2026-08-23..2026-08-30,1,1,14,24.0000,aggregate_row
0100102*20,2026-08-30..2026-09-06,1,1,14,19.0000,aggregate_row
0100102*20,2026-09-06..2026-09-13,1,1,17,34.0000,aggregate_row
0100102*3,2026-08-09..2026-08-16,1,1,385,390.0000,aggregate_row
0100102*3,2026-08-16..2026-08-23,1,1,302,310.0000,aggregate_row
0100102*3,2026-08-23..2026-08-30,1,1,338,338.0000,aggregate_row
0100102*3,2026-08-30..2026-09-06,1,1,359,362.0000,aggregate_row
0100102*3,2026-09-06..2026-09-13,1,1,504,507.0000,aggregate_row
0100102*5,2026-08-09..2026-08-16,1,1,445,471.0000,aggregate_row
0100102*5,2026-08-16..2026-08-23,1,1,382,418.0000,aggregate_row
0100102*5,2026-08-23..2026-08-30,1,1,355,390.0000,aggregate_row
0100102*5,2026-08-30..2026-09-06,1,1,452,466.0000,aggregate_row
0100102*5,2026-09-06..2026-09-13,1,1,676,722.0000,aggregate_row
0100102*5+0100118*1,2026-08-09..2026-08-16,1,0,,,verified_zero
0100102*5+0100118*1,2026-08-16..2026-08-23,1,0,,,verified_zero
0100102*5+0100118*1,2026-08-23..2026-08-30,1,1,2,2.0000,aggregate_row
0100102*5+0100118*1,2026-08-30..2026-09-06,1,0,,,verified_zero
0100102*5+0100118*1,2026-09-06..2026-09-13,1,1,1,1.0000,aggregate_row
0100102*5+2024073001,2026-08-09..2026-08-16,1,0,,,verified_zero
0100102*5+2024073001,2026-08-16..2026-08-23,1,0,,,verified_zero
0100102*5+2024073001,2026-08-23..2026-08-30,1,1,2,2.0000,aggregate_row
0100102*5+2024073001,2026-08-30..2026-09-06,1,1,2,2.0000,aggregate_row
0100102*5+2024073001,2026-09-06..2026-09-13,1,0,,,verified_zero
0100102乘2,2026-08-09..2026-08-16,1,1,3,4.0000,aggregate_row
0100102乘2,2026-08-16..2026-08-23,1,1,2,2.0000,aggregate_row
0100102乘2,2026-08-23..2026-08-30,1,1,11,11.0000,aggregate_row
0100102乘2,2026-08-30..2026-09-06,1,1,12,12.0000,aggregate_row
0100102乘2,2026-09-06..2026-09-13,1,1,12,12.0000,aggregate_row
0100103,2026-08-09..2026-08-16,1,1,4,4.0000,aggregate_row
0100103,2026-08-16..2026-08-23,1,1,2,2.0000,aggregate_row
0100103,2026-08-23..2026-08-30,1,1,6,6.0000,aggregate_row
0100103,2026-08-30..2026-09-06,1,1,4,4.0000,aggregate_row
0100103,2026-09-06..2026-09-13,1,1,12,14.0000,aggregate_row
0100103*20,2026-08-09..2026-08-16,1,1,3,3.0000,aggregate_row
0100103*20,2026-08-16..2026-08-23,1,1,5,11.0000,aggregate_row
0100103*20,2026-08-23..2026-08-30,1,1,1,1.0000,aggregate_row
0100103*20,2026-08-30..2026-09-06,1,1,3,3.0000,aggregate_row
0100103*20,2026-09-06..2026-09-13,1,1,3,3.0000,aggregate_row
0100103*3,2026-08-09..2026-08-16,1,1,128,131.0000,aggregate_row
0100103*3,2026-08-16..2026-08-23,1,1,127,129.0000,aggregate_row
0100103*3,2026-08-23..2026-08-30,1,1,135,138.0000,aggregate_row
0100103*3,2026-08-30..2026-09-06,1,1,180,186.0000,aggregate_row
0100103*3,2026-09-06..2026-09-13,1,1,233,238.0000,aggregate_row
0100103*5,2026-08-09..2026-08-16,1,1,221,252.0000,aggregate_row
0100103*5,2026-08-16..2026-08-23,1,1,207,228.0000,aggregate_row
0100103*5,2026-08-23..2026-08-30,1,1,198,222.0000,aggregate_row
0100103*5,2026-08-30..2026-09-06,1,1,286,307.0000,aggregate_row
0100103*5,2026-09-06..2026-09-13,1,1,362,399.0000,aggregate_row
0100103+0100118,2026-08-09..2026-08-16,1,1,7,7.0000,aggregate_row
0100103+0100118,2026-08-16..2026-08-23,1,1,5,5.0000,aggregate_row
0100103+0100118,2026-08-23..2026-08-30,1,1,8,8.0000,aggregate_row
0100103+0100118,2026-08-30..2026-09-06,1,1,17,17.0000,aggregate_row
0100103+0100118,2026-09-06..2026-09-13,1,1,10,13.0000,aggregate_row
0100106,2026-08-09..2026-08-16,1,1,9,9.0000,aggregate_row
0100106,2026-08-16..2026-08-23,1,1,8,8.0000,aggregate_row
0100106,2026-08-23..2026-08-30,1,1,4,4.0000,aggregate_row
0100106,2026-08-30..2026-09-06,1,1,3,3.0000,aggregate_row
0100106,2026-09-06..2026-09-13,1,1,10,10.0000,aggregate_row
0100106*2,2026-08-09..2026-08-16,1,1,11,20.0000,aggregate_row
0100106*2,2026-08-16..2026-08-23,1,1,6,19.0000,aggregate_row
0100106*2,2026-08-23..2026-08-30,1,1,12,13.0000,aggregate_row
0100106*2,2026-08-30..2026-09-06,1,1,5,6.0000,aggregate_row
0100106*2,2026-09-06..2026-09-13,1,1,11,16.0000,aggregate_row
0100107*2,2026-08-09..2026-08-16,1,1,19,19.0000,aggregate_row
0100107*2,2026-08-16..2026-08-23,1,1,20,20.0000,aggregate_row
0100107*2,2026-08-23..2026-08-30,1,1,15,15.0000,aggregate_row
0100107*2,2026-08-30..2026-09-06,1,1,13,14.0000,aggregate_row
0100107*2,2026-09-06..2026-09-13,1,1,23,24.0000,aggregate_row
0100107*3,2026-08-09..2026-08-16,1,1,30,49.0000,aggregate_row
0100107*3,2026-08-16..2026-08-23,1,1,27,33.0000,aggregate_row
0100107*3,2026-08-23..2026-08-30,1,1,32,40.0000,aggregate_row
0100107*3,2026-08-30..2026-09-06,1,1,41,57.0000,aggregate_row
0100107*3,2026-09-06..2026-09-13,1,1,45,72.0000,aggregate_row
0100107*5,2026-08-09..2026-08-16,1,1,10,10.0000,aggregate_row
0100107*5,2026-08-16..2026-08-23,1,1,6,6.0000,aggregate_row
0100107*5,2026-08-23..2026-08-30,1,1,8,8.0000,aggregate_row
0100107*5,2026-08-30..2026-09-06,1,1,7,7.0000,aggregate_row
0100107*5,2026-09-06..2026-09-13,1,1,27,37.0000,aggregate_row
0100118*10,2026-08-09..2026-08-16,1,1,40,52.0000,aggregate_row
0100118*10,2026-08-16..2026-08-23,1,1,36,38.0000,aggregate_row
0100118*10,2026-08-23..2026-08-30,1,1,32,33.0000,aggregate_row
0100118*10,2026-08-30..2026-09-06,1,1,34,36.0000,aggregate_row
0100118*10,2026-09-06..2026-09-13,1,1,45,49.0000,aggregate_row
0100118*2,2026-08-09..2026-08-16,1,1,37,38.0000,aggregate_row
0100118*2,2026-08-16..2026-08-23,1,1,25,26.0000,aggregate_row
0100118*2,2026-08-23..2026-08-30,1,1,19,19.0000,aggregate_row
0100118*2,2026-08-30..2026-09-06,1,1,23,23.0000,aggregate_row
0100118*2,2026-09-06..2026-09-13,1,1,19,23.0000,aggregate_row
0100118*5,2026-08-09..2026-08-16,1,1,78,81.0000,aggregate_row
0100118*5,2026-08-16..2026-08-23,1,1,83,83.0000,aggregate_row
0100118*5,2026-08-23..2026-08-30,1,1,71,73.0000,aggregate_row
0100118*5,2026-08-30..2026-09-06,1,1,76,77.0000,aggregate_row
0100118*5,2026-09-06..2026-09-13,1,1,108,108.0000,aggregate_row
0100119,2026-08-09..2026-08-16,1,1,1,1.0000,aggregate_row
0100119,2026-08-16..2026-08-23,1,1,1,1.0000,aggregate_row
0100119,2026-08-23..2026-08-30,1,1,1,1.0000,aggregate_row
0100119,2026-08-30..2026-09-06,1,1,1,1.0000,aggregate_row
0100119,2026-09-06..2026-09-13,1,0,,,verified_zero
0100120,2026-08-09..2026-08-16,1,1,6,6.0000,aggregate_row
0100120,2026-08-16..2026-08-23,1,1,11,11.0000,aggregate_row
0100120,2026-08-23..2026-08-30,1,1,6,6.0000,aggregate_row
0100120,2026-08-30..2026-09-06,1,1,21,21.0000,aggregate_row
0100120,2026-09-06..2026-09-13,1,1,7,7.0000,aggregate_row
0100120*2,2026-08-09..2026-08-16,1,1,24,25.0000,aggregate_row
0100120*2,2026-08-16..2026-08-23,1,1,21,25.0000,aggregate_row
0100120*2,2026-08-23..2026-08-30,1,1,29,35.0000,aggregate_row
0100120*2,2026-08-30..2026-09-06,1,1,40,44.0000,aggregate_row
0100120*2,2026-09-06..2026-09-13,1,1,31,33.0000,aggregate_row
0100120+0100119,2026-08-09..2026-08-16,1,1,1,1.0000,aggregate_row
0100120+0100119,2026-08-16..2026-08-23,1,1,1,1.0000,aggregate_row
0100120+0100119,2026-08-23..2026-08-30,1,1,4,4.0000,aggregate_row
0100120+0100119,2026-08-30..2026-09-06,1,1,2,2.0000,aggregate_row
0100120+0100119,2026-09-06..2026-09-13,1,1,2,2.0000,aggregate_row
01430007,2026-08-09..2026-08-16,1,1,11,11.0000,aggregate_row
01430007,2026-08-16..2026-08-23,1,1,2,2.0000,aggregate_row
01430007,2026-08-23..2026-08-30,1,1,5,5.0000,aggregate_row
01430007,2026-08-30..2026-09-06,1,1,7,7.0000,aggregate_row
01430007,2026-09-06..2026-09-13,1,1,4,4.0000,aggregate_row
01430501,2026-08-09..2026-08-16,1,1,5,5.0000,aggregate_row
01430501,2026-08-16..2026-08-23,1,1,4,4.0000,aggregate_row
01430501,2026-08-23..2026-08-30,1,1,1,1.0000,aggregate_row
01430501,2026-08-30..2026-09-06,1,1,1,1.0000,aggregate_row
01430501,2026-09-06..2026-09-13,1,1,5,5.0000,aggregate_row
0200103*2,2026-08-09..2026-08-16,1,0,,,verified_zero
0200103*2,2026-08-16..2026-08-23,1,0,,,verified_zero
0200103*2,2026-08-23..2026-08-30,1,1,1,1.0000,aggregate_row
0200103*2,2026-08-30..2026-09-06,1,0,,,verified_zero
0200103*2,2026-09-06..2026-09-13,1,1,3,3.0000,aggregate_row
0200103*3,2026-08-09..2026-08-16,1,1,3,3.0000,aggregate_row
0200103*3,2026-08-16..2026-08-23,1,1,3,3.0000,aggregate_row
0200103*3,2026-08-23..2026-08-30,1,1,3,3.0000,aggregate_row
0200103*3,2026-08-30..2026-09-06,1,1,8,8.0000,aggregate_row
0200103*3,2026-09-06..2026-09-13,1,1,1,1.0000,aggregate_row
0200103*4,2026-08-09..2026-08-16,1,0,,,verified_zero
0200103*4,2026-08-16..2026-08-23,1,0,,,verified_zero
0200103*4,2026-08-23..2026-08-30,1,1,1,2.0000,aggregate_row
0200103*4,2026-08-30..2026-09-06,1,1,1,3.0000,aggregate_row
0200103*4,2026-09-06..2026-09-13,1,1,2,2.0000,aggregate_row
0200103*8,2026-08-09..2026-08-16,1,1,22,43.0000,aggregate_row
0200103*8,2026-08-16..2026-08-23,1,1,19,31.0000,aggregate_row
0200103*8,2026-08-23..2026-08-30,1,1,24,43.0000,aggregate_row
0200103*8,2026-08-30..2026-09-06,1,1,11,30.0000,aggregate_row
0200103*8,2026-09-06..2026-09-13,1,1,29,30.0000,aggregate_row
0200104*6,2026-08-09..2026-08-16,1,1,2,2.0000,aggregate_row
0200104*6,2026-08-16..2026-08-23,1,1,4,5.0000,aggregate_row
0200104*6,2026-08-23..2026-08-30,1,1,3,5.0000,aggregate_row
0200104*6,2026-08-30..2026-09-06,1,1,2,2.0000,aggregate_row
0200104*6,2026-09-06..2026-09-13,1,1,3,3.0000,aggregate_row
0200104*7,2026-08-09..2026-08-16,1,0,,,verified_zero
0200104*7,2026-08-16..2026-08-23,1,1,1,1.0000,aggregate_row
0200104*7,2026-08-23..2026-08-30,1,1,1,1.0000,aggregate_row
0200104*7,2026-08-30..2026-09-06,1,1,2,3.0000,aggregate_row
0200104*7,2026-09-06..2026-09-13,1,1,2,2.0000,aggregate_row
0200108*2+0200107*2,2026-08-09..2026-08-16,1,0,,,verified_zero
0200108*2+0200107*2,2026-08-16..2026-08-23,1,1,2,2.0000,aggregate_row
0200108*2+0200107*2,2026-08-23..2026-08-30,1,0,,,verified_zero
0200108*2+0200107*2,2026-08-30..2026-09-06,1,1,1,1.0000,aggregate_row
0200108*2+0200107*2,2026-09-06..2026-09-13,1,0,,,verified_zero
0200120,2026-08-09..2026-08-16,1,1,87,92.0000,aggregate_row
0200120,2026-08-16..2026-08-23,1,1,74,74.0000,aggregate_row
0200120,2026-08-23..2026-08-30,1,1,68,69.0000,aggregate_row
0200120,2026-08-30..2026-09-06,1,1,97,102.0000,aggregate_row
0200120,2026-09-06..2026-09-13,1,1,123,137.0000,aggregate_row
0200125,2026-08-09..2026-08-16,1,1,40,42.0000,aggregate_row
0200125,2026-08-16..2026-08-23,1,1,23,23.0000,aggregate_row
0200125,2026-08-23..2026-08-30,1,1,23,23.0000,aggregate_row
0200125,2026-08-30..2026-09-06,1,1,23,25.0000,aggregate_row
0200125,2026-09-06..2026-09-13,1,1,23,23.0000,aggregate_row
0200125*2,2026-08-09..2026-08-16,1,1,137,137.0000,aggregate_row
0200125*2,2026-08-16..2026-08-23,1,1,88,88.0000,aggregate_row
0200125*2,2026-08-23..2026-08-30,1,1,43,44.0000,aggregate_row
0200125*2,2026-08-30..2026-09-06,1,1,80,80.0000,aggregate_row
0200125*2,2026-09-06..2026-09-13,1,1,70,70.0000,aggregate_row
0200125*3,2026-08-09..2026-08-16,1,1,52,53.0000,aggregate_row
0200125*3,2026-08-16..2026-08-23,1,1,46,46.0000,aggregate_row
0200125*3,2026-08-23..2026-08-30,1,1,21,21.0000,aggregate_row
0200125*3,2026-08-30..2026-09-06,1,1,28,29.0000,aggregate_row
0200125*3,2026-09-06..2026-09-13,1,1,33,33.0000,aggregate_row
0200125*5,2026-08-09..2026-08-16,1,1,53,56.0000,aggregate_row
0200125*5,2026-08-16..2026-08-23,1,1,42,43.0000,aggregate_row
0200125*5,2026-08-23..2026-08-30,1,1,41,45.0000,aggregate_row
0200125*5,2026-08-30..2026-09-06,1,1,61,63.0000,aggregate_row
0200125*5,2026-09-06..2026-09-13,1,1,53,56.0000,aggregate_row
0200131,2026-08-09..2026-08-16,1,1,13,21.0000,aggregate_row
0200131,2026-08-16..2026-08-23,1,1,16,19.0000,aggregate_row
0200131,2026-08-23..2026-08-30,1,1,18,39.0000,aggregate_row
0200131,2026-08-30..2026-09-06,1,1,18,26.0000,aggregate_row
0200131,2026-09-06..2026-09-13,1,1,23,100.0000,aggregate_row
0200139,2026-08-09..2026-08-16,1,1,26,94.0000,aggregate_row
0200139,2026-08-16..2026-08-23,1,1,17,46.0000,aggregate_row
0200139,2026-08-23..2026-08-30,1,1,11,56.0000,aggregate_row
0200139,2026-08-30..2026-09-06,1,1,29,119.0000,aggregate_row
0200139,2026-09-06..2026-09-13,1,1,28,102.0000,aggregate_row
0204701,2026-08-09..2026-08-16,1,1,4,4.0000,aggregate_row
0204701,2026-08-16..2026-08-23,1,1,1,1.0000,aggregate_row
0204701,2026-08-23..2026-08-30,1,1,1,1.0000,aggregate_row
0204701,2026-08-30..2026-09-06,1,1,2,2.0000,aggregate_row
0204701,2026-09-06..2026-09-13,1,1,3,4.0000,aggregate_row
0204701*2,2026-08-09..2026-08-16,1,1,1,1.0000,aggregate_row
0204701*2,2026-08-16..2026-08-23,1,1,1,1.0000,aggregate_row
0204701*2,2026-08-23..2026-08-30,1,0,,,verified_zero
0204701*2,2026-08-30..2026-09-06,1,1,1,1.0000,aggregate_row
0204701*2,2026-09-06..2026-09-13,1,1,2,2.0000,aggregate_row
0700101*10,2026-08-09..2026-08-16,1,1,59,60.0000,aggregate_row
0700101*10,2026-08-16..2026-08-23,1,1,68,68.0000,aggregate_row
0700101*10,2026-08-23..2026-08-30,1,1,55,56.0000,aggregate_row
0700101*10,2026-08-30..2026-09-06,1,1,69,69.0000,aggregate_row
0700101*10,2026-09-06..2026-09-13,1,1,51,52.0000,aggregate_row
0700101*15,2026-08-09..2026-08-16,1,1,30,31.0000,aggregate_row
0700101*15,2026-08-16..2026-08-23,1,1,27,28.0000,aggregate_row
0700101*15,2026-08-23..2026-08-30,1,1,14,14.0000,aggregate_row
0700101*15,2026-08-30..2026-09-06,1,1,24,24.0000,aggregate_row
0700101*15,2026-09-06..2026-09-13,1,1,12,12.0000,aggregate_row
0700101*25,2026-08-09..2026-08-16,1,1,14,16.0000,aggregate_row
0700101*25,2026-08-16..2026-08-23,1,1,14,22.0000,aggregate_row
0700101*25,2026-08-23..2026-08-30,1,1,18,21.0000,aggregate_row
0700101*25,2026-08-30..2026-09-06,1,1,4,4.0000,aggregate_row
0700101*25,2026-09-06..2026-09-13,1,1,13,14.0000,aggregate_row
0700101*5,2026-08-09..2026-08-16,1,1,138,141.0000,aggregate_row
0700101*5,2026-08-16..2026-08-23,1,1,113,113.0000,aggregate_row
0700101*5,2026-08-23..2026-08-30,1,1,103,105.0000,aggregate_row
0700101*5,2026-08-30..2026-09-06,1,1,90,91.0000,aggregate_row
0700101*5,2026-09-06..2026-09-13,1,1,92,94.0000,aggregate_row
0700101*50,2026-08-09..2026-08-16,1,1,6,7.0000,aggregate_row
0700101*50,2026-08-16..2026-08-23,1,1,4,4.0000,aggregate_row
0700101*50,2026-08-23..2026-08-30,1,1,11,12.0000,aggregate_row
0700101*50,2026-08-30..2026-09-06,1,1,7,7.0000,aggregate_row
0700101*50,2026-09-06..2026-09-13,1,1,4,4.0000,aggregate_row
10401801-1,2026-08-09..2026-08-16,1,1,2,2.0000,aggregate_row
10401801-1,2026-08-16..2026-08-23,1,1,2,2.0000,aggregate_row
10401801-1,2026-08-23..2026-08-30,1,1,2,2.0000,aggregate_row
10401801-1,2026-08-30..2026-09-06,1,0,,,verified_zero
10401801-1,2026-09-06..2026-09-13,1,0,,,verified_zero
1300101,2026-08-09..2026-08-16,1,1,15,25.0000,aggregate_row
1300101,2026-08-16..2026-08-23,1,1,16,22.0000,aggregate_row
1300101,2026-08-23..2026-08-30,1,1,15,20.0000,aggregate_row
1300101,2026-08-30..2026-09-06,1,1,13,17.0000,aggregate_row
1300101,2026-09-06..2026-09-13,1,1,12,29.0000,aggregate_row
2016011509,2026-08-09..2026-08-16,1,1,61,72.0000,aggregate_row
2016011509,2026-08-16..2026-08-23,1,1,69,69.0000,aggregate_row
2016011509,2026-08-23..2026-08-30,1,1,43,44.0000,aggregate_row
2016011509,2026-08-30..2026-09-06,1,1,41,41.0000,aggregate_row
2016011509,2026-09-06..2026-09-13,1,1,29,32.0000,aggregate_row
2016011510,2026-08-09..2026-08-16,1,1,22,23.0000,aggregate_row
2016011510,2026-08-16..2026-08-23,1,1,19,20.0000,aggregate_row
2016011510,2026-08-23..2026-08-30,1,1,20,20.0000,aggregate_row
2016011510,2026-08-30..2026-09-06,1,1,13,13.0000,aggregate_row
2016011510,2026-09-06..2026-09-13,1,1,13,13.0000,aggregate_row
2016011511,2026-08-09..2026-08-16,1,1,19,22.0000,aggregate_row
2016011511,2026-08-16..2026-08-23,1,1,16,21.0000,aggregate_row
2016011511,2026-08-23..2026-08-30,1,1,12,14.0000,aggregate_row
2016011511,2026-08-30..2026-09-06,1,1,11,13.0000,aggregate_row
2016011511,2026-09-06..2026-09-13,1,1,15,19.0000,aggregate_row
2022221,2026-08-09..2026-08-16,1,1,36,108.0000,aggregate_row
2022221,2026-08-16..2026-08-23,1,1,41,117.0000,aggregate_row
2022221,2026-08-23..2026-08-30,1,1,42,99.0000,aggregate_row
2022221,2026-08-30..2026-09-06,1,1,26,78.0000,aggregate_row
2022221,2026-09-06..2026-09-13,1,1,33,68.0000,aggregate_row
20230898,2026-08-09..2026-08-16,1,1,21,25.0000,aggregate_row
20230898,2026-08-16..2026-08-23,1,1,27,32.0000,aggregate_row
20230898,2026-08-23..2026-08-30,1,1,31,37.0000,aggregate_row
20230898,2026-08-30..2026-09-06,1,1,26,29.0000,aggregate_row
20230898,2026-09-06..2026-09-13,1,1,21,26.0000,aggregate_row
20230898*2,2026-08-09..2026-08-16,1,1,23,24.0000,aggregate_row
20230898*2,2026-08-16..2026-08-23,1,1,19,22.0000,aggregate_row
20230898*2,2026-08-23..2026-08-30,1,1,12,12.0000,aggregate_row
20230898*2,2026-08-30..2026-09-06,1,1,9,9.0000,aggregate_row
20230898*2,2026-09-06..2026-09-13,1,1,15,16.0000,aggregate_row
2023101711,2026-08-09..2026-08-16,1,1,31,31.0000,aggregate_row
2023101711,2026-08-16..2026-08-23,1,1,21,21.0000,aggregate_row
2023101711,2026-08-23..2026-08-30,1,1,20,20.0000,aggregate_row
2023101711,2026-08-30..2026-09-06,1,1,24,24.0000,aggregate_row
2023101711,2026-09-06..2026-09-13,1,1,37,37.0000,aggregate_row
2023101712,2026-08-09..2026-08-16,1,1,13,15.0000,aggregate_row
2023101712,2026-08-16..2026-08-23,1,1,4,4.0000,aggregate_row
2023101712,2026-08-23..2026-08-30,1,1,3,3.0000,aggregate_row
2023101712,2026-08-30..2026-09-06,1,1,10,10.0000,aggregate_row
2023101712,2026-09-06..2026-09-13,1,1,13,13.0000,aggregate_row
2023102201,2026-08-09..2026-08-16,1,1,13,14.0000,aggregate_row
2023102201,2026-08-16..2026-08-23,1,1,8,8.0000,aggregate_row
2023102201,2026-08-23..2026-08-30,1,1,23,23.0000,aggregate_row
2023102201,2026-08-30..2026-09-06,1,1,27,28.0000,aggregate_row
2023102201,2026-09-06..2026-09-13,1,1,22,22.0000,aggregate_row
2023102202,2026-08-09..2026-08-16,1,1,3,3.0000,aggregate_row
2023102202,2026-08-16..2026-08-23,1,1,7,7.0000,aggregate_row
2023102202,2026-08-23..2026-08-30,1,1,6,6.0000,aggregate_row
2023102202,2026-08-30..2026-09-06,1,1,6,6.0000,aggregate_row
2023102202,2026-09-06..2026-09-13,1,1,2,2.0000,aggregate_row
2023102203,2026-08-09..2026-08-16,1,1,4,4.0000,aggregate_row
2023102203,2026-08-16..2026-08-23,1,1,3,4.0000,aggregate_row
2023102203,2026-08-23..2026-08-30,1,1,5,5.0000,aggregate_row
2023102203,2026-08-30..2026-09-06,1,1,8,8.0000,aggregate_row
2023102203,2026-09-06..2026-09-13,1,1,8,8.0000,aggregate_row
2023102204,2026-08-09..2026-08-16,1,1,2,2.0000,aggregate_row
2023102204,2026-08-16..2026-08-23,1,1,1,1.0000,aggregate_row
2023102204,2026-08-23..2026-08-30,1,1,5,8.0000,aggregate_row
2023102204,2026-08-30..2026-09-06,1,1,6,9.0000,aggregate_row
2023102204,2026-09-06..2026-09-13,1,1,2,3.0000,aggregate_row
2023102301*2,2026-08-09..2026-08-16,1,1,64,66.0000,aggregate_row
2023102301*2,2026-08-16..2026-08-23,1,1,59,60.0000,aggregate_row
2023102301*2,2026-08-23..2026-08-30,1,1,57,60.0000,aggregate_row
2023102301*2,2026-08-30..2026-09-06,1,1,59,60.0000,aggregate_row
2023102301*2,2026-09-06..2026-09-13,1,1,42,42.0000,aggregate_row
2023102301*4,2026-08-09..2026-08-16,1,1,46,56.0000,aggregate_row
2023102301*4,2026-08-16..2026-08-23,1,1,48,56.0000,aggregate_row
2023102301*4,2026-08-23..2026-08-30,1,1,41,52.0000,aggregate_row
2023102301*4,2026-08-30..2026-09-06,1,1,47,49.0000,aggregate_row
2023102301*4,2026-09-06..2026-09-13,1,1,37,40.0000,aggregate_row
2023110303,2026-08-09..2026-08-16,1,1,2,2.0000,aggregate_row
2023110303,2026-08-16..2026-08-23,1,1,1,1.0000,aggregate_row
2023110303,2026-08-23..2026-08-30,1,1,1,1.0000,aggregate_row
2023110303,2026-08-30..2026-09-06,1,1,1,1.0000,aggregate_row
2023110303,2026-09-06..2026-09-13,1,1,4,4.0000,aggregate_row
2023120501,2026-08-09..2026-08-16,1,1,17,17.0000,aggregate_row
2023120501,2026-08-16..2026-08-23,1,1,20,20.0000,aggregate_row
2023120501,2026-08-23..2026-08-30,1,1,11,11.0000,aggregate_row
2023120501,2026-08-30..2026-09-06,1,1,19,19.0000,aggregate_row
2023120501,2026-09-06..2026-09-13,1,1,16,16.0000,aggregate_row
2023121127,2026-08-09..2026-08-16,1,1,22,22.0000,aggregate_row
2023121127,2026-08-16..2026-08-23,1,1,20,20.0000,aggregate_row
2023121127,2026-08-23..2026-08-30,1,1,22,22.0000,aggregate_row
2023121127,2026-08-30..2026-09-06,1,1,19,19.0000,aggregate_row
2023121127,2026-09-06..2026-09-13,1,1,16,16.0000,aggregate_row
2023121128,2026-08-09..2026-08-16,1,1,22,22.0000,aggregate_row
2023121128,2026-08-16..2026-08-23,1,1,30,30.0000,aggregate_row
2023121128,2026-08-23..2026-08-30,1,1,23,23.0000,aggregate_row
2023121128,2026-08-30..2026-09-06,1,1,25,25.0000,aggregate_row
2023121128,2026-09-06..2026-09-13,1,1,42,43.0000,aggregate_row
2023121129,2026-08-09..2026-08-16,1,1,11,11.0000,aggregate_row
2023121129,2026-08-16..2026-08-23,1,1,24,24.0000,aggregate_row
2023121129,2026-08-23..2026-08-30,1,1,11,11.0000,aggregate_row
2023121129,2026-08-30..2026-09-06,1,1,16,17.0000,aggregate_row
2023121129,2026-09-06..2026-09-13,1,1,17,18.0000,aggregate_row
2023121130,2026-08-09..2026-08-16,1,1,15,15.0000,aggregate_row
2023121130,2026-08-16..2026-08-23,1,1,28,31.0000,aggregate_row
2023121130,2026-08-23..2026-08-30,1,1,23,29.0000,aggregate_row
2023121130,2026-08-30..2026-09-06,1,1,27,30.0000,aggregate_row
2023121130,2026-09-06..2026-09-13,1,1,39,50.0000,aggregate_row
2023121131,2026-08-09..2026-08-16,1,1,4,6.0000,aggregate_row
2023121131,2026-08-16..2026-08-23,1,1,7,8.0000,aggregate_row
2023121131,2026-08-23..2026-08-30,1,1,6,6.0000,aggregate_row
2023121131,2026-08-30..2026-09-06,1,1,4,6.0000,aggregate_row
2023121131,2026-09-06..2026-09-13,1,1,4,5.0000,aggregate_row
2023122801,2026-08-09..2026-08-16,1,1,265,274.0000,aggregate_row
2023122801,2026-08-16..2026-08-23,1,1,208,211.0000,aggregate_row
2023122801,2026-08-23..2026-08-30,1,1,208,213.0000,aggregate_row
2023122801,2026-08-30..2026-09-06,1,1,149,150.0000,aggregate_row
2023122801,2026-09-06..2026-09-13,1,1,150,152.0000,aggregate_row
2023122802,2026-08-09..2026-08-16,1,1,194,195.0000,aggregate_row
2023122802,2026-08-16..2026-08-23,1,1,146,149.0000,aggregate_row
2023122802,2026-08-23..2026-08-30,1,1,158,167.0000,aggregate_row
2023122802,2026-08-30..2026-09-06,1,1,85,85.0000,aggregate_row
2023122802,2026-09-06..2026-09-13,1,1,116,122.0000,aggregate_row
2023122803,2026-08-09..2026-08-16,1,1,26,26.0000,aggregate_row
2023122803,2026-08-16..2026-08-23,1,1,30,37.0000,aggregate_row
2023122803,2026-08-23..2026-08-30,1,1,28,28.0000,aggregate_row
2023122803,2026-08-30..2026-09-06,1,1,16,16.0000,aggregate_row
2023122803,2026-09-06..2026-09-13,1,1,18,18.0000,aggregate_row
2023122804,2026-08-09..2026-08-16,1,1,34,34.0000,aggregate_row
2023122804,2026-08-16..2026-08-23,1,1,42,42.0000,aggregate_row
2023122804,2026-08-23..2026-08-30,1,1,32,32.0000,aggregate_row
2023122804,2026-08-30..2026-09-06,1,1,26,27.0000,aggregate_row
2023122804,2026-09-06..2026-09-13,1,1,30,31.0000,aggregate_row
2023122805,2026-08-09..2026-08-16,1,1,35,35.0000,aggregate_row
2023122805,2026-08-16..2026-08-23,1,1,18,19.0000,aggregate_row
2023122805,2026-08-23..2026-08-30,1,1,23,24.0000,aggregate_row
2023122805,2026-08-30..2026-09-06,1,1,21,23.0000,aggregate_row
2023122805,2026-09-06..2026-09-13,1,1,18,20.0000,aggregate_row
20237213,2026-08-09..2026-08-16,1,1,1,1.0000,aggregate_row
20237213,2026-08-16..2026-08-23,1,1,1,1.0000,aggregate_row
20237213,2026-08-23..2026-08-30,1,1,2,2.0000,aggregate_row
20237213,2026-08-30..2026-09-06,1,1,2,4.0000,aggregate_row
20237213,2026-09-06..2026-09-13,1,1,7,7.0000,aggregate_row
20237218,2026-08-09..2026-08-16,1,1,12,12.0000,aggregate_row
20237218,2026-08-16..2026-08-23,1,1,6,6.0000,aggregate_row
20237218,2026-08-23..2026-08-30,1,1,7,7.0000,aggregate_row
20237218,2026-08-30..2026-09-06,1,1,12,12.0000,aggregate_row
20237218,2026-09-06..2026-09-13,1,1,10,10.0000,aggregate_row
20237219,2026-08-09..2026-08-16,1,1,5,5.0000,aggregate_row
20237219,2026-08-16..2026-08-23,1,1,11,11.0000,aggregate_row
20237219,2026-08-23..2026-08-30,1,1,4,4.0000,aggregate_row
20237219,2026-08-30..2026-09-06,1,1,9,9.0000,aggregate_row
20237219,2026-09-06..2026-09-13,1,1,9,9.0000,aggregate_row
20237231,2026-08-09..2026-08-16,1,1,12,13.0000,aggregate_row
20237231,2026-08-16..2026-08-23,1,1,5,5.0000,aggregate_row
20237231,2026-08-23..2026-08-30,1,1,20,21.0000,aggregate_row
20237231,2026-08-30..2026-09-06,1,1,17,17.0000,aggregate_row
20237231,2026-09-06..2026-09-13,1,1,14,15.0000,aggregate_row
20237232,2026-08-09..2026-08-16,1,1,5,5.0000,aggregate_row
20237232,2026-08-16..2026-08-23,1,1,5,5.0000,aggregate_row
20237232,2026-08-23..2026-08-30,1,1,4,4.0000,aggregate_row
20237232,2026-08-30..2026-09-06,1,1,4,4.0000,aggregate_row
20237232,2026-09-06..2026-09-13,1,1,11,11.0000,aggregate_row
20237236,2026-08-09..2026-08-16,1,0,,,verified_zero
20237236,2026-08-16..2026-08-23,1,0,,,verified_zero
20237236,2026-08-23..2026-08-30,1,1,2,2.0000,aggregate_row
20237236,2026-08-30..2026-09-06,1,0,,,verified_zero
20237236,2026-09-06..2026-09-13,1,1,2,2.0000,aggregate_row
202391502*4,2026-08-09..2026-08-16,1,0,,,verified_zero
202391502*4,2026-08-16..2026-08-23,1,0,,,verified_zero
202391502*4,2026-08-23..2026-08-30,1,0,,,verified_zero
202391502*4,2026-08-30..2026-09-06,1,0,,,verified_zero
202391502*4,2026-09-06..2026-09-13,1,0,,,verified_zero
2023929,2026-08-09..2026-08-16,1,1,290,290.0000,aggregate_row
2023929,2026-08-16..2026-08-23,1,1,420,423.0000,aggregate_row
2023929,2026-08-23..2026-08-30,1,1,369,375.0000,aggregate_row
2023929,2026-08-30..2026-09-06,1,1,348,353.0000,aggregate_row
2023929,2026-09-06..2026-09-13,1,1,332,336.0000,aggregate_row
2023929*10,2026-08-09..2026-08-16,1,0,,,verified_zero
2023929*10,2026-08-16..2026-08-23,1,0,,,verified_zero
2023929*10,2026-08-23..2026-08-30,1,0,,,verified_zero
2023929*10,2026-08-30..2026-09-06,1,0,,,verified_zero
2023929*10,2026-09-06..2026-09-13,1,0,,,verified_zero
2023929*2,2026-08-09..2026-08-16,1,1,133,133.0000,aggregate_row
2023929*2,2026-08-16..2026-08-23,1,1,132,135.0000,aggregate_row
2023929*2,2026-08-23..2026-08-30,1,1,119,121.0000,aggregate_row
2023929*2,2026-08-30..2026-09-06,1,1,161,163.0000,aggregate_row
2023929*2,2026-09-06..2026-09-13,1,1,166,170.0000,aggregate_row
2023929*3,2026-08-09..2026-08-16,1,1,484,491.0000,aggregate_row
2023929*3,2026-08-16..2026-08-23,1,1,648,653.0000,aggregate_row
2023929*3,2026-08-23..2026-08-30,1,1,545,552.0000,aggregate_row
2023929*3,2026-08-30..2026-09-06,1,1,563,569.0000,aggregate_row
2023929*3,2026-09-06..2026-09-13,1,1,562,571.0000,aggregate_row
2023929*3+2025081001,2026-08-09..2026-08-16,1,1,140,140.0000,aggregate_row
2023929*3+2025081001,2026-08-16..2026-08-23,1,1,67,68.0000,aggregate_row
2023929*3+2025081001,2026-08-23..2026-08-30,1,1,103,103.0000,aggregate_row
2023929*3+2025081001,2026-08-30..2026-09-06,1,1,89,91.0000,aggregate_row
2023929*3+2025081001,2026-09-06..2026-09-13,1,1,73,76.0000,aggregate_row
2023929*4,2026-08-09..2026-08-16,1,1,16,17.0000,aggregate_row
2023929*4,2026-08-16..2026-08-23,1,1,13,13.0000,aggregate_row
2023929*4,2026-08-23..2026-08-30,1,1,8,9.0000,aggregate_row
2023929*4,2026-08-30..2026-09-06,1,1,18,18.0000,aggregate_row
2023929*4,2026-09-06..2026-09-13,1,1,9,10.0000,aggregate_row
2023929*4+2025120901*4,2026-08-09..2026-08-16,1,0,,,verified_zero
2023929*4+2025120901*4,2026-08-16..2026-08-23,1,0,,,verified_zero
2023929*4+2025120901*4,2026-08-23..2026-08-30,1,0,,,verified_zero
2023929*4+2025120901*4,2026-08-30..2026-09-06,1,0,,,verified_zero
2023929*4+2025120901*4,2026-09-06..2026-09-13,1,0,,,verified_zero
2023929*5,2026-08-09..2026-08-16,1,1,138,143.0000,aggregate_row
2023929*5,2026-08-16..2026-08-23,1,1,159,164.0000,aggregate_row
2023929*5,2026-08-23..2026-08-30,1,1,148,151.0000,aggregate_row
2023929*5,2026-08-30..2026-09-06,1,1,167,174.0000,aggregate_row
2023929*5,2026-09-06..2026-09-13,1,1,154,161.0000,aggregate_row
2023929*5+2025081001,2026-08-09..2026-08-16,1,1,39,39.0000,aggregate_row
2023929*5+2025081001,2026-08-16..2026-08-23,1,1,27,27.0000,aggregate_row
2023929*5+2025081001,2026-08-23..2026-08-30,1,1,41,41.0000,aggregate_row
2023929*5+2025081001,2026-08-30..2026-09-06,1,1,16,16.0000,aggregate_row
2023929*5+2025081001,2026-09-06..2026-09-13,1,1,19,19.0000,aggregate_row
2023929+2025081001,2026-08-09..2026-08-16,1,1,74,76.0000,aggregate_row
2023929+2025081001,2026-08-16..2026-08-23,1,1,49,49.0000,aggregate_row
2023929+2025081001,2026-08-23..2026-08-30,1,1,66,66.0000,aggregate_row
2023929+2025081001,2026-08-30..2026-09-06,1,1,54,56.0000,aggregate_row
2023929+2025081001,2026-09-06..2026-09-13,1,1,45,45.0000,aggregate_row
2024010901,2026-08-09..2026-08-16,1,1,31,42.0000,aggregate_row
2024010901,2026-08-16..2026-08-23,1,1,20,22.0000,aggregate_row
2024010901,2026-08-23..2026-08-30,1,1,29,29.0000,aggregate_row
2024010901,2026-08-30..2026-09-06,1,1,36,36.0000,aggregate_row
2024010901,2026-09-06..2026-09-13,1,1,41,42.0000,aggregate_row
2024011002,2026-08-09..2026-08-16,1,1,47,48.0000,aggregate_row
2024011002,2026-08-16..2026-08-23,1,1,35,35.0000,aggregate_row
2024011002,2026-08-23..2026-08-30,1,1,35,35.0000,aggregate_row
2024011002,2026-08-30..2026-09-06,1,1,49,49.0000,aggregate_row
2024011002,2026-09-06..2026-09-13,1,1,38,38.0000,aggregate_row
2024011901,2026-08-09..2026-08-16,1,1,6,6.0000,aggregate_row
2024011901,2026-08-16..2026-08-23,1,1,5,6.0000,aggregate_row
2024011901,2026-08-23..2026-08-30,1,1,4,4.0000,aggregate_row
2024011901,2026-08-30..2026-09-06,1,1,3,3.0000,aggregate_row
2024011901,2026-09-06..2026-09-13,1,1,2,3.0000,aggregate_row
2024011902,2026-08-09..2026-08-16,1,1,10,12.0000,aggregate_row
2024011902,2026-08-16..2026-08-23,1,1,5,5.0000,aggregate_row
2024011902,2026-08-23..2026-08-30,1,1,9,9.0000,aggregate_row
2024011902,2026-08-30..2026-09-06,1,1,11,11.0000,aggregate_row
2024011902,2026-09-06..2026-09-13,1,1,14,17.0000,aggregate_row
2024011903,2026-08-09..2026-08-16,1,1,16,17.0000,aggregate_row
2024011903,2026-08-16..2026-08-23,1,1,18,18.0000,aggregate_row
2024011903,2026-08-23..2026-08-30,1,1,30,33.0000,aggregate_row
2024011903,2026-08-30..2026-09-06,1,1,37,38.0000,aggregate_row
2024011903,2026-09-06..2026-09-13,1,1,14,14.0000,aggregate_row
2024011904,2026-08-09..2026-08-16,1,1,10,10.0000,aggregate_row
2024011904,2026-08-16..2026-08-23,1,1,13,15.0000,aggregate_row
2024011904,2026-08-23..2026-08-30,1,1,22,22.0000,aggregate_row
2024011904,2026-08-30..2026-09-06,1,1,28,28.0000,aggregate_row
2024011904,2026-09-06..2026-09-13,1,1,26,29.0000,aggregate_row
2024040801,2026-08-09..2026-08-16,1,1,367,415.0000,aggregate_row
2024040801,2026-08-16..2026-08-23,1,1,202,261.0000,aggregate_row
2024040801,2026-08-23..2026-08-30,1,1,161,199.0000,aggregate_row
2024040801,2026-08-30..2026-09-06,1,1,171,206.0000,aggregate_row
2024040801,2026-09-06..2026-09-13,1,1,146,176.0000,aggregate_row
2024040804,2026-08-09..2026-08-16,1,1,24,30.0000,aggregate_row
2024040804,2026-08-16..2026-08-23,1,1,10,13.0000,aggregate_row
2024040804,2026-08-23..2026-08-30,1,1,21,32.0000,aggregate_row
2024040804,2026-08-30..2026-09-06,1,1,9,17.0000,aggregate_row
2024040804,2026-09-06..2026-09-13,1,1,14,17.0000,aggregate_row
2024040806,2026-08-09..2026-08-16,1,1,88,88.0000,aggregate_row
2024040806,2026-08-16..2026-08-23,1,1,55,55.0000,aggregate_row
2024040806,2026-08-23..2026-08-30,1,1,46,46.0000,aggregate_row
2024040806,2026-08-30..2026-09-06,1,1,55,55.0000,aggregate_row
2024040806,2026-09-06..2026-09-13,1,1,79,80.0000,aggregate_row
2024040808,2026-08-09..2026-08-16,1,1,90,92.0000,aggregate_row
2024040808,2026-08-16..2026-08-23,1,1,123,124.0000,aggregate_row
2024040808,2026-08-23..2026-08-30,1,1,129,141.0000,aggregate_row
2024040808,2026-08-30..2026-09-06,1,1,130,133.0000,aggregate_row
2024040808,2026-09-06..2026-09-13,1,1,81,82.0000,aggregate_row
2024040810,2026-08-09..2026-08-16,1,1,106,110.0000,aggregate_row
2024040810,2026-08-16..2026-08-23,1,1,101,104.0000,aggregate_row
2024040810,2026-08-23..2026-08-30,1,1,80,83.0000,aggregate_row
2024040810,2026-08-30..2026-09-06,1,1,106,111.0000,aggregate_row
2024040810,2026-09-06..2026-09-13,1,1,164,182.0000,aggregate_row
2024040814,2026-08-09..2026-08-16,1,1,6,10.0000,aggregate_row
2024040814,2026-08-16..2026-08-23,1,1,6,6.0000,aggregate_row
2024040814,2026-08-23..2026-08-30,1,1,9,10.0000,aggregate_row
2024040814,2026-08-30..2026-09-06,1,1,6,6.0000,aggregate_row
2024040814,2026-09-06..2026-09-13,1,1,1,1.0000,aggregate_row
2024040817,2026-08-09..2026-08-16,1,1,134,145.0000,aggregate_row
2024040817,2026-08-16..2026-08-23,1,1,98,127.0000,aggregate_row
2024040817,2026-08-23..2026-08-30,1,1,105,112.0000,aggregate_row
2024040817,2026-08-30..2026-09-06,1,1,64,71.0000,aggregate_row
2024040817,2026-09-06..2026-09-13,1,1,81,84.0000,aggregate_row
2024040818,2026-08-09..2026-08-16,1,1,48,50.0000,aggregate_row
2024040818,2026-08-16..2026-08-23,1,1,44,47.0000,aggregate_row
2024040818,2026-08-23..2026-08-30,1,1,47,48.0000,aggregate_row
2024040818,2026-08-30..2026-09-06,1,1,28,29.0000,aggregate_row
2024040818,2026-09-06..2026-09-13,1,1,39,39.0000,aggregate_row
2024040821,2026-08-09..2026-08-16,1,1,8,8.0000,aggregate_row
2024040821,2026-08-16..2026-08-23,1,1,5,6.0000,aggregate_row
2024040821,2026-08-23..2026-08-30,1,1,5,6.0000,aggregate_row
2024040821,2026-08-30..2026-09-06,1,1,8,8.0000,aggregate_row
2024040821,2026-09-06..2026-09-13,1,1,4,4.0000,aggregate_row
2024041001*2,2026-08-09..2026-08-16,1,1,66,66.0000,aggregate_row
2024041001*2,2026-08-16..2026-08-23,1,1,77,77.0000,aggregate_row
2024041001*2,2026-08-23..2026-08-30,1,1,72,72.0000,aggregate_row
2024041001*2,2026-08-30..2026-09-06,1,1,111,111.0000,aggregate_row
2024041001*2,2026-09-06..2026-09-13,1,1,88,89.0000,aggregate_row
2024041001*3,2026-08-09..2026-08-16,1,1,26,26.0000,aggregate_row
2024041001*3,2026-08-16..2026-08-23,1,1,28,28.0000,aggregate_row
2024041001*3,2026-08-23..2026-08-30,1,1,24,24.0000,aggregate_row
2024041001*3,2026-08-30..2026-09-06,1,1,38,38.0000,aggregate_row
2024041001*3,2026-09-06..2026-09-13,1,1,35,35.0000,aggregate_row
2024041001*5,2026-08-09..2026-08-16,1,1,101,107.0000,aggregate_row
2024041001*5,2026-08-16..2026-08-23,1,1,109,116.0000,aggregate_row
2024041001*5,2026-08-23..2026-08-30,1,1,98,103.0000,aggregate_row
2024041001*5,2026-08-30..2026-09-06,1,1,109,112.0000,aggregate_row
2024041001*5,2026-09-06..2026-09-13,1,1,161,175.0000,aggregate_row
2024041002,2026-08-09..2026-08-16,1,1,79,81.0000,aggregate_row
2024041002,2026-08-16..2026-08-23,1,1,67,69.0000,aggregate_row
2024041002,2026-08-23..2026-08-30,1,1,62,66.0000,aggregate_row
2024041002,2026-08-30..2026-09-06,1,1,72,74.0000,aggregate_row
2024041002,2026-09-06..2026-09-13,1,1,81,88.0000,aggregate_row
2024041002*2,2026-08-09..2026-08-16,1,1,103,103.0000,aggregate_row
2024041002*2,2026-08-16..2026-08-23,1,1,138,138.0000,aggregate_row
2024041002*2,2026-08-23..2026-08-30,1,1,139,140.0000,aggregate_row
2024041002*2,2026-08-30..2026-09-06,1,1,151,154.0000,aggregate_row
2024041002*2,2026-09-06..2026-09-13,1,1,139,140.0000,aggregate_row
2024041002*2+2024041001*2,2026-08-09..2026-08-16,1,1,1,1.0000,aggregate_row
2024041002*2+2024041001*2,2026-08-16..2026-08-23,1,0,,,verified_zero
2024041002*2+2024041001*2,2026-08-23..2026-08-30,1,1,1,1.0000,aggregate_row
2024041002*2+2024041001*2,2026-08-30..2026-09-06,1,1,5,5.0000,aggregate_row
2024041002*2+2024041001*2,2026-09-06..2026-09-13,1,1,3,3.0000,aggregate_row
2024041002*3,2026-08-09..2026-08-16,1,1,48,49.0000,aggregate_row
2024041002*3,2026-08-16..2026-08-23,1,1,37,39.0000,aggregate_row
2024041002*3,2026-08-23..2026-08-30,1,1,42,43.0000,aggregate_row
2024041002*3,2026-08-30..2026-09-06,1,1,51,52.0000,aggregate_row
2024041002*3,2026-09-06..2026-09-13,1,1,115,117.0000,aggregate_row
2024041002*4,2026-08-09..2026-08-16,1,1,1,1.0000,aggregate_row
2024041002*4,2026-08-16..2026-08-23,1,0,,,verified_zero
2024041002*4,2026-08-23..2026-08-30,1,1,2,2.0000,aggregate_row
2024041002*4,2026-08-30..2026-09-06,1,1,1,1.0000,aggregate_row
2024041002*4,2026-09-06..2026-09-13,1,1,2,2.0000,aggregate_row
2024041002*5,2026-08-09..2026-08-16,1,1,226,245.0000,aggregate_row
2024041002*5,2026-08-16..2026-08-23,1,1,198,208.0000,aggregate_row
2024041002*5,2026-08-23..2026-08-30,1,1,223,240.0000,aggregate_row
2024041002*5,2026-08-30..2026-09-06,1,1,280,302.0000,aggregate_row
2024041002*5,2026-09-06..2026-09-13,1,1,313,338.0000,aggregate_row
2024052210,2026-08-09..2026-08-16,1,1,1,1.0000,aggregate_row
2024052210,2026-08-16..2026-08-23,1,1,1,1.0000,aggregate_row
2024052210,2026-08-23..2026-08-30,1,1,3,4.0000,aggregate_row
2024052210,2026-08-30..2026-09-06,1,1,2,2.0000,aggregate_row
2024052210,2026-09-06..2026-09-13,1,1,2,2.0000,aggregate_row
2024073102,2026-08-09..2026-08-16,1,1,205,205.0000,aggregate_row
2024073102,2026-08-16..2026-08-23,1,1,141,142.0000,aggregate_row
2024073102,2026-08-23..2026-08-30,1,1,148,148.0000,aggregate_row
2024073102,2026-08-30..2026-09-06,1,1,154,162.0000,aggregate_row
2024073102,2026-09-06..2026-09-13,1,1,127,127.0000,aggregate_row
2024080919*10,2026-08-09..2026-08-16,1,1,225,226.0000,aggregate_row
2024080919*10,2026-08-16..2026-08-23,1,1,171,171.0000,aggregate_row
2024080919*10,2026-08-23..2026-08-30,1,1,169,169.0000,aggregate_row
2024080919*10,2026-08-30..2026-09-06,1,1,195,195.0000,aggregate_row
2024080919*10,2026-09-06..2026-09-13,1,1,258,258.0000,aggregate_row
2024080919*20,2026-08-09..2026-08-16,1,1,172,174.0000,aggregate_row
2024080919*20,2026-08-16..2026-08-23,1,1,170,176.0000,aggregate_row
2024080919*20,2026-08-23..2026-08-30,1,1,129,135.0000,aggregate_row
2024080919*20,2026-08-30..2026-09-06,1,1,140,143.0000,aggregate_row
2024080919*20,2026-09-06..2026-09-13,1,1,195,200.0000,aggregate_row
2024080919*5,2026-08-09..2026-08-16,1,1,115,115.0000,aggregate_row
2024080919*5,2026-08-16..2026-08-23,1,1,79,79.0000,aggregate_row
2024080919*5,2026-08-23..2026-08-30,1,1,58,58.0000,aggregate_row
2024080919*5,2026-08-30..2026-09-06,1,1,88,88.0000,aggregate_row
2024080919*5,2026-09-06..2026-09-13,1,1,133,133.0000,aggregate_row
2024082315*3,2026-08-09..2026-08-16,1,1,9,24.0000,aggregate_row
2024082315*3,2026-08-16..2026-08-23,1,1,16,16.0000,aggregate_row
2024082315*3,2026-08-23..2026-08-30,1,1,19,19.0000,aggregate_row
2024082315*3,2026-08-30..2026-09-06,1,1,17,18.0000,aggregate_row
2024082315*3,2026-09-06..2026-09-13,1,1,19,19.0000,aggregate_row
2024082315*6,2026-08-09..2026-08-16,1,1,4,5.0000,aggregate_row
2024082315*6,2026-08-16..2026-08-23,1,1,11,16.0000,aggregate_row
2024082315*6,2026-08-23..2026-08-30,1,1,4,13.0000,aggregate_row
2024082315*6,2026-08-30..2026-09-06,1,1,5,11.0000,aggregate_row
2024082315*6,2026-09-06..2026-09-13,1,1,4,4.0000,aggregate_row
2024082616*2+2025081001,2026-08-09..2026-08-16,1,1,58,58.0000,aggregate_row
2024082616*2+2025081001,2026-08-16..2026-08-23,1,1,79,79.0000,aggregate_row
2024082616*2+2025081001,2026-08-23..2026-08-30,1,1,40,40.0000,aggregate_row
2024082616*2+2025081001,2026-08-30..2026-09-06,1,1,22,22.0000,aggregate_row
2024082616*2+2025081001,2026-09-06..2026-09-13,1,1,141,141.0000,aggregate_row
2024082616+2025081001,2026-08-09..2026-08-16,1,1,23,23.0000,aggregate_row
2024082616+2025081001,2026-08-16..2026-08-23,1,1,24,24.0000,aggregate_row
2024082616+2025081001,2026-08-23..2026-08-30,1,1,13,13.0000,aggregate_row
2024082616+2025081001,2026-08-30..2026-09-06,1,1,6,6.0000,aggregate_row
2024082616+2025081001,2026-09-06..2026-09-13,1,1,35,35.0000,aggregate_row
2024090701*3,2026-08-09..2026-08-16,1,0,,,verified_zero
2024090701*3,2026-08-16..2026-08-23,1,0,,,verified_zero
2024090701*3,2026-08-23..2026-08-30,1,0,,,verified_zero
2024090701*3,2026-08-30..2026-09-06,1,0,,,verified_zero
2024090701*3,2026-09-06..2026-09-13,1,0,,,verified_zero
2024091001,2026-08-09..2026-08-16,1,1,68,68.0000,aggregate_row
2024091001,2026-08-16..2026-08-23,1,1,72,73.0000,aggregate_row
2024091001,2026-08-23..2026-08-30,1,1,51,51.0000,aggregate_row
2024091001,2026-08-30..2026-09-06,1,1,57,57.0000,aggregate_row
2024091001,2026-09-06..2026-09-13,1,1,56,56.0000,aggregate_row
2024091002,2026-08-09..2026-08-16,1,1,32,33.0000,aggregate_row
2024091002,2026-08-16..2026-08-23,1,1,49,50.0000,aggregate_row
2024091002,2026-08-23..2026-08-30,1,1,47,51.0000,aggregate_row
2024091002,2026-08-30..2026-09-06,1,1,28,38.0000,aggregate_row
2024091002,2026-09-06..2026-09-13,1,1,43,44.0000,aggregate_row
2024091003,2026-08-09..2026-08-16,1,1,2,2.0000,aggregate_row
2024091003,2026-08-16..2026-08-23,1,1,2,2.0000,aggregate_row
2024091003,2026-08-23..2026-08-30,1,0,,,verified_zero
2024091003,2026-08-30..2026-09-06,1,1,3,3.0000,aggregate_row
2024091003,2026-09-06..2026-09-13,1,1,2,2.0000,aggregate_row
2024091502,2026-08-09..2026-08-16,1,1,69,74.0000,aggregate_row
2024091502,2026-08-16..2026-08-23,1,1,62,70.0000,aggregate_row
2024091502,2026-08-23..2026-08-30,1,1,61,66.0000,aggregate_row
2024091502,2026-08-30..2026-09-06,1,1,65,74.0000,aggregate_row
2024091502,2026-09-06..2026-09-13,1,1,82,95.0000,aggregate_row
2024092458,2026-08-09..2026-08-16,1,0,,,verified_zero
2024092458,2026-08-16..2026-08-23,1,0,,,verified_zero
2024092458,2026-08-23..2026-08-30,1,1,1,1.0000,aggregate_row
2024092458,2026-08-30..2026-09-06,1,0,,,verified_zero
2024092458,2026-09-06..2026-09-13,1,0,,,verified_zero
2024092461,2026-08-09..2026-08-16,1,1,6,7.0000,aggregate_row
2024092461,2026-08-16..2026-08-23,1,1,4,8.0000,aggregate_row
2024092461,2026-08-23..2026-08-30,1,1,2,2.0000,aggregate_row
2024092461,2026-08-30..2026-09-06,1,1,1,1.0000,aggregate_row
2024092461,2026-09-06..2026-09-13,1,1,2,2.0000,aggregate_row
2024100613*2,2026-08-09..2026-08-16,1,1,254,262.0000,aggregate_row
2024100613*2,2026-08-16..2026-08-23,1,1,415,419.0000,aggregate_row
2024100613*2,2026-08-23..2026-08-30,1,1,207,214.0000,aggregate_row
2024100613*2,2026-08-30..2026-09-06,1,1,171,182.0000,aggregate_row
2024100613*2,2026-09-06..2026-09-13,1,1,190,196.0000,aggregate_row
2024100613+2025081405,2026-08-09..2026-08-16,1,1,100,101.0000,aggregate_row
2024100613+2025081405,2026-08-16..2026-08-23,1,1,170,173.0000,aggregate_row
2024100613+2025081405,2026-08-23..2026-08-30,1,1,94,95.0000,aggregate_row
2024100613+2025081405,2026-08-30..2026-09-06,1,1,34,34.0000,aggregate_row
2024100613+2025081405,2026-09-06..2026-09-13,1,1,44,47.0000,aggregate_row
2024100613+2025081405+2025081001,2026-08-09..2026-08-16,1,1,129,129.0000,aggregate_row
2024100613+2025081405+2025081001,2026-08-16..2026-08-23,1,1,555,566.0000,aggregate_row
2024100613+2025081405+2025081001,2026-08-23..2026-08-30,1,1,142,142.0000,aggregate_row
2024100613+2025081405+2025081001,2026-08-30..2026-09-06,1,1,22,22.0000,aggregate_row
2024100613+2025081405+2025081001,2026-09-06..2026-09-13,1,1,20,20.0000,aggregate_row
2024100842,2026-08-09..2026-08-16,1,1,27,27.0000,aggregate_row
2024100842,2026-08-16..2026-08-23,1,1,16,16.0000,aggregate_row
2024100842,2026-08-23..2026-08-30,1,1,17,17.0000,aggregate_row
2024100842,2026-08-30..2026-09-06,1,1,25,25.0000,aggregate_row
2024100842,2026-09-06..2026-09-13,1,1,37,37.0000,aggregate_row
2024100843,2026-08-09..2026-08-16,1,1,35,35.0000,aggregate_row
2024100843,2026-08-16..2026-08-23,1,1,44,44.0000,aggregate_row
2024100843,2026-08-23..2026-08-30,1,1,47,47.0000,aggregate_row
2024100843,2026-08-30..2026-09-06,1,1,86,86.0000,aggregate_row
2024100843,2026-09-06..2026-09-13,1,1,208,208.0000,aggregate_row
2024100844,2026-08-09..2026-08-16,1,1,7,7.0000,aggregate_row
2024100844,2026-08-16..2026-08-23,1,1,5,5.0000,aggregate_row
2024100844,2026-08-23..2026-08-30,1,1,3,3.0000,aggregate_row
2024100844,2026-08-30..2026-09-06,1,1,19,19.0000,aggregate_row
2024100844,2026-09-06..2026-09-13,1,1,16,16.0000,aggregate_row
2024100845,2026-08-09..2026-08-16,1,1,6,6.0000,aggregate_row
2024100845,2026-08-16..2026-08-23,1,1,6,8.0000,aggregate_row
2024100845,2026-08-23..2026-08-30,1,1,8,8.0000,aggregate_row
2024100845,2026-08-30..2026-09-06,1,1,13,13.0000,aggregate_row
2024100845,2026-09-06..2026-09-13,1,1,21,26.0000,aggregate_row
2024102168,2026-08-09..2026-08-16,1,0,,,verified_zero
2024102168,2026-08-16..2026-08-23,1,1,1,2.0000,aggregate_row
2024102168,2026-08-23..2026-08-30,1,0,,,verified_zero
2024102168,2026-08-30..2026-09-06,1,1,1,1.0000,aggregate_row
2024102168,2026-09-06..2026-09-13,1,0,,,verified_zero
2024111102,2026-08-09..2026-08-16,1,1,6,6.0000,aggregate_row
2024111102,2026-08-16..2026-08-23,1,1,7,7.0000,aggregate_row
2024111102,2026-08-23..2026-08-30,1,1,5,5.0000,aggregate_row
2024111102,2026-08-30..2026-09-06,1,1,6,6.0000,aggregate_row
2024111102,2026-09-06..2026-09-13,1,1,11,11.0000,aggregate_row
2024111319,2026-08-09..2026-08-16,1,1,2,2.0000,aggregate_row
2024111319,2026-08-16..2026-08-23,1,1,1,1.0000,aggregate_row
2024111319,2026-08-23..2026-08-30,1,0,,,verified_zero
2024111319,2026-08-30..2026-09-06,1,1,1,1.0000,aggregate_row
2024111319,2026-09-06..2026-09-13,1,0,,,verified_zero
2024121114,2026-08-09..2026-08-16,1,1,3,3.0000,aggregate_row
2024121114,2026-08-16..2026-08-23,1,1,1,1.0000,aggregate_row
2024121114,2026-08-23..2026-08-30,1,1,2,2.0000,aggregate_row
2024121114,2026-08-30..2026-09-06,1,1,4,4.0000,aggregate_row
2024121114,2026-09-06..2026-09-13,1,1,5,5.0000,aggregate_row
2024122114,2026-08-09..2026-08-16,1,1,46,48.0000,aggregate_row
2024122114,2026-08-16..2026-08-23,1,1,49,49.0000,aggregate_row
2024122114,2026-08-23..2026-08-30,1,1,15,16.0000,aggregate_row
2024122114,2026-08-30..2026-09-06,1,1,16,16.0000,aggregate_row
2024122114,2026-09-06..2026-09-13,1,1,24,26.0000,aggregate_row
2024122115,2026-08-09..2026-08-16,1,1,142,152.0000,aggregate_row
2024122115,2026-08-16..2026-08-23,1,1,78,82.0000,aggregate_row
2024122115,2026-08-23..2026-08-30,1,1,50,53.0000,aggregate_row
2024122115,2026-08-30..2026-09-06,1,1,38,39.0000,aggregate_row
2024122115,2026-09-06..2026-09-13,1,1,39,42.0000,aggregate_row
2024122116,2026-08-09..2026-08-16,1,1,57,59.0000,aggregate_row
2024122116,2026-08-16..2026-08-23,1,1,43,44.0000,aggregate_row
2024122116,2026-08-23..2026-08-30,1,1,21,21.0000,aggregate_row
2024122116,2026-08-30..2026-09-06,1,1,23,23.0000,aggregate_row
2024122116,2026-09-06..2026-09-13,1,1,27,28.0000,aggregate_row
2024122117,2026-08-09..2026-08-16,1,1,17,18.0000,aggregate_row
2024122117,2026-08-16..2026-08-23,1,1,11,11.0000,aggregate_row
2024122117,2026-08-23..2026-08-30,1,1,6,6.0000,aggregate_row
2024122117,2026-08-30..2026-09-06,1,1,8,8.0000,aggregate_row
2024122117,2026-09-06..2026-09-13,1,1,6,6.0000,aggregate_row
2024122118,2026-08-09..2026-08-16,1,1,17,17.0000,aggregate_row
2024122118,2026-08-16..2026-08-23,1,1,15,15.0000,aggregate_row
2024122118,2026-08-23..2026-08-30,1,1,13,13.0000,aggregate_row
2024122118,2026-08-30..2026-09-06,1,1,14,14.0000,aggregate_row
2024122118,2026-09-06..2026-09-13,1,1,8,8.0000,aggregate_row
2024122119,2026-08-09..2026-08-16,1,1,163,163.0000,aggregate_row
2024122119,2026-08-16..2026-08-23,1,1,156,158.0000,aggregate_row
2024122119,2026-08-23..2026-08-30,1,1,126,128.0000,aggregate_row
2024122119,2026-08-30..2026-09-06,1,1,80,80.0000,aggregate_row
2024122119,2026-09-06..2026-09-13,1,1,73,74.0000,aggregate_row
2024122120,2026-08-09..2026-08-16,1,1,27,27.0000,aggregate_row
2024122120,2026-08-16..2026-08-23,1,1,16,16.0000,aggregate_row
2024122120,2026-08-23..2026-08-30,1,1,11,11.0000,aggregate_row
2024122120,2026-08-30..2026-09-06,1,1,16,16.0000,aggregate_row
2024122120,2026-09-06..2026-09-13,1,1,17,17.0000,aggregate_row
2024122121,2026-08-09..2026-08-16,1,1,24,28.0000,aggregate_row
2024122121,2026-08-16..2026-08-23,1,1,19,20.0000,aggregate_row
2024122121,2026-08-23..2026-08-30,1,1,16,20.0000,aggregate_row
2024122121,2026-08-30..2026-09-06,1,1,17,18.0000,aggregate_row
2024122121,2026-09-06..2026-09-13,1,1,17,19.0000,aggregate_row
2024122705,2026-08-09..2026-08-16,1,1,26,26.0000,aggregate_row
2024122705,2026-08-16..2026-08-23,1,1,10,11.0000,aggregate_row
2024122705,2026-08-23..2026-08-30,1,1,13,13.0000,aggregate_row
2024122705,2026-08-30..2026-09-06,1,1,13,13.0000,aggregate_row
2024122705,2026-09-06..2026-09-13,1,1,38,38.0000,aggregate_row
2024122708,2026-08-09..2026-08-16,1,1,18,18.0000,aggregate_row
2024122708,2026-08-16..2026-08-23,1,1,15,15.0000,aggregate_row
2024122708,2026-08-23..2026-08-30,1,1,7,7.0000,aggregate_row
2024122708,2026-08-30..2026-09-06,1,1,11,11.0000,aggregate_row
2024122708,2026-09-06..2026-09-13,1,1,21,21.0000,aggregate_row
2025020503,2026-08-09..2026-08-16,1,1,35,37.0000,aggregate_row
2025020503,2026-08-16..2026-08-23,1,1,31,32.0000,aggregate_row
2025020503,2026-08-23..2026-08-30,1,1,6,6.0000,aggregate_row
2025020503,2026-08-30..2026-09-06,1,1,9,9.0000,aggregate_row
2025020503,2026-09-06..2026-09-13,1,1,2,2.0000,aggregate_row
2025020504,2026-08-09..2026-08-16,1,1,10,10.0000,aggregate_row
2025020504,2026-08-16..2026-08-23,1,1,7,7.0000,aggregate_row
2025020504,2026-08-23..2026-08-30,1,1,2,2.0000,aggregate_row
2025020504,2026-08-30..2026-09-06,1,1,1,1.0000,aggregate_row
2025020504,2026-09-06..2026-09-13,1,1,5,5.0000,aggregate_row
2025020506,2026-08-09..2026-08-16,1,1,27,27.0000,aggregate_row
2025020506,2026-08-16..2026-08-23,1,1,13,13.0000,aggregate_row
2025020506,2026-08-23..2026-08-30,1,1,5,5.0000,aggregate_row
2025020506,2026-08-30..2026-09-06,1,0,,,verified_zero
2025020506,2026-09-06..2026-09-13,1,1,4,4.0000,aggregate_row
2025020507,2026-08-09..2026-08-16,1,1,7,7.0000,aggregate_row
2025020507,2026-08-16..2026-08-23,1,1,6,6.0000,aggregate_row
2025020507,2026-08-23..2026-08-30,1,1,1,1.0000,aggregate_row
2025020507,2026-08-30..2026-09-06,1,1,2,3.0000,aggregate_row
2025020507,2026-09-06..2026-09-13,1,0,,,verified_zero
2025020509,2026-08-09..2026-08-16,1,1,15,15.0000,aggregate_row
2025020509,2026-08-16..2026-08-23,1,1,18,20.0000,aggregate_row
2025020509,2026-08-23..2026-08-30,1,1,4,5.0000,aggregate_row
2025020509,2026-08-30..2026-09-06,1,1,4,4.0000,aggregate_row
2025020509,2026-09-06..2026-09-13,1,1,4,4.0000,aggregate_row
2025020511,2026-08-09..2026-08-16,1,1,163,164.0000,aggregate_row
2025020511,2026-08-16..2026-08-23,1,1,128,129.0000,aggregate_row
2025020511,2026-08-23..2026-08-30,1,1,41,46.0000,aggregate_row
2025020511,2026-08-30..2026-09-06,1,1,26,26.0000,aggregate_row
2025020511,2026-09-06..2026-09-13,1,1,30,30.0000,aggregate_row
2025020512,2026-08-09..2026-08-16,1,1,41,41.0000,aggregate_row
2025020512,2026-08-16..2026-08-23,1,1,37,37.0000,aggregate_row
2025020512,2026-08-23..2026-08-30,1,1,13,13.0000,aggregate_row
2025020512,2026-08-30..2026-09-06,1,1,7,7.0000,aggregate_row
2025020512,2026-09-06..2026-09-13,1,1,7,7.0000,aggregate_row
2025020513,2026-08-09..2026-08-16,1,1,81,82.0000,aggregate_row
2025020513,2026-08-16..2026-08-23,1,1,43,43.0000,aggregate_row
2025020513,2026-08-23..2026-08-30,1,1,20,21.0000,aggregate_row
2025020513,2026-08-30..2026-09-06,1,1,16,16.0000,aggregate_row
2025020513,2026-09-06..2026-09-13,1,1,10,10.0000,aggregate_row
2025020514,2026-08-09..2026-08-16,1,1,16,16.0000,aggregate_row
2025020514,2026-08-16..2026-08-23,1,1,11,11.0000,aggregate_row
2025020514,2026-08-23..2026-08-30,1,1,1,1.0000,aggregate_row
2025020514,2026-08-30..2026-09-06,1,1,5,5.0000,aggregate_row
2025020514,2026-09-06..2026-09-13,1,1,3,3.0000,aggregate_row
2025020704,2026-08-09..2026-08-16,1,1,13,14.0000,aggregate_row
2025020704,2026-08-16..2026-08-23,1,1,9,10.0000,aggregate_row
2025020704,2026-08-23..2026-08-30,1,1,3,3.0000,aggregate_row
2025020704,2026-08-30..2026-09-06,1,1,8,9.0000,aggregate_row
2025020704,2026-09-06..2026-09-13,1,1,8,9.0000,aggregate_row
2025021308,2026-08-09..2026-08-16,1,1,30,30.0000,aggregate_row
2025021308,2026-08-16..2026-08-23,1,1,32,32.0000,aggregate_row
2025021308,2026-08-23..2026-08-30,1,1,36,36.0000,aggregate_row
2025021308,2026-08-30..2026-09-06,1,1,27,27.0000,aggregate_row
2025021308,2026-09-06..2026-09-13,1,1,37,38.0000,aggregate_row
2025021308*2,2026-08-09..2026-08-16,1,1,1352,1358.0000,aggregate_row
2025021308*2,2026-08-16..2026-08-23,1,1,1199,1220.0000,aggregate_row
2025021308*2,2026-08-23..2026-08-30,1,1,731,749.0000,aggregate_row
2025021308*2,2026-08-30..2026-09-06,1,1,537,540.0000,aggregate_row
2025021308*2,2026-09-06..2026-09-13,1,1,731,733.0000,aggregate_row
2025021308*3,2026-08-09..2026-08-16,1,1,98,98.0000,aggregate_row
2025021308*3,2026-08-16..2026-08-23,1,1,88,88.0000,aggregate_row
2025021308*3,2026-08-23..2026-08-30,1,1,81,81.0000,aggregate_row
2025021308*3,2026-08-30..2026-09-06,1,1,76,76.0000,aggregate_row
2025021308*3,2026-09-06..2026-09-13,1,1,82,82.0000,aggregate_row
2025021308*5,2026-08-09..2026-08-16,1,1,1343,1405.0000,aggregate_row
2025021308*5,2026-08-16..2026-08-23,1,1,1191,1239.0000,aggregate_row
2025021308*5,2026-08-23..2026-08-30,1,1,977,1033.0000,aggregate_row
2025021308*5,2026-08-30..2026-09-06,1,1,694,724.0000,aggregate_row
2025021308*5,2026-09-06..2026-09-13,1,1,896,927.0000,aggregate_row
2025021308*7,2026-08-09..2026-08-16,1,1,96,99.0000,aggregate_row
2025021308*7,2026-08-16..2026-08-23,1,1,72,76.0000,aggregate_row
2025021308*7,2026-08-23..2026-08-30,1,1,49,52.0000,aggregate_row
2025021308*7,2026-08-30..2026-09-06,1,1,75,80.0000,aggregate_row
2025021308*7,2026-09-06..2026-09-13,1,1,68,68.0000,aggregate_row
2025021308*9,2026-08-09..2026-08-16,1,1,58,65.0000,aggregate_row
2025021308*9,2026-08-16..2026-08-23,1,1,33,34.0000,aggregate_row
2025021308*9,2026-08-23..2026-08-30,1,1,30,34.0000,aggregate_row
2025021308*9,2026-08-30..2026-09-06,1,1,29,33.0000,aggregate_row
2025021308*9,2026-09-06..2026-09-13,1,1,39,45.0000,aggregate_row
2025031201,2026-08-09..2026-08-16,1,1,33,33.0000,aggregate_row
2025031201,2026-08-16..2026-08-23,1,1,21,21.0000,aggregate_row
2025031201,2026-08-23..2026-08-30,1,1,31,31.0000,aggregate_row
2025031201,2026-08-30..2026-09-06,1,1,40,42.0000,aggregate_row
2025031201,2026-09-06..2026-09-13,1,1,32,32.0000,aggregate_row
2025031202,2026-08-09..2026-08-16,1,1,160,160.0000,aggregate_row
2025031202,2026-08-16..2026-08-23,1,1,102,106.0000,aggregate_row
2025031202,2026-08-23..2026-08-30,1,1,111,111.0000,aggregate_row
2025031202,2026-08-30..2026-09-06,1,1,124,124.0000,aggregate_row
2025031202,2026-09-06..2026-09-13,1,1,128,129.0000,aggregate_row
2025031203,2026-08-09..2026-08-16,1,1,78,79.0000,aggregate_row
2025031203,2026-08-16..2026-08-23,1,1,45,45.0000,aggregate_row
2025031203,2026-08-23..2026-08-30,1,1,69,71.0000,aggregate_row
2025031203,2026-08-30..2026-09-06,1,1,60,60.0000,aggregate_row
2025031203,2026-09-06..2026-09-13,1,1,77,78.0000,aggregate_row
2025031204,2026-08-09..2026-08-16,1,1,50,50.0000,aggregate_row
2025031204,2026-08-16..2026-08-23,1,1,29,33.0000,aggregate_row
2025031204,2026-08-23..2026-08-30,1,1,38,44.0000,aggregate_row
2025031204,2026-08-30..2026-09-06,1,1,31,31.0000,aggregate_row
2025031204,2026-09-06..2026-09-13,1,1,37,37.0000,aggregate_row
2025031205,2026-08-09..2026-08-16,1,1,18,18.0000,aggregate_row
2025031205,2026-08-16..2026-08-23,1,1,11,11.0000,aggregate_row
2025031205,2026-08-23..2026-08-30,1,1,14,14.0000,aggregate_row
2025031205,2026-08-30..2026-09-06,1,1,18,18.0000,aggregate_row
2025031205,2026-09-06..2026-09-13,1,1,15,15.0000,aggregate_row
2025031206,2026-08-09..2026-08-16,1,1,279,356.0000,aggregate_row
2025031206,2026-08-16..2026-08-23,1,1,253,313.0000,aggregate_row
2025031206,2026-08-23..2026-08-30,1,1,275,328.0000,aggregate_row
2025031206,2026-08-30..2026-09-06,1,1,335,451.0000,aggregate_row
2025031206,2026-09-06..2026-09-13,1,1,305,389.0000,aggregate_row
2025031305,2026-08-09..2026-08-16,1,1,513,541.0000,aggregate_row
2025031305,2026-08-16..2026-08-23,1,1,384,410.0000,aggregate_row
2025031305,2026-08-23..2026-08-30,1,1,389,421.0000,aggregate_row
2025031305,2026-08-30..2026-09-06,1,1,324,351.0000,aggregate_row
2025031305,2026-09-06..2026-09-13,1,1,370,389.0000,aggregate_row
2025031501*2,2026-08-09..2026-08-16,1,1,3,4.0000,aggregate_row
2025031501*2,2026-08-16..2026-08-23,1,1,7,8.0000,aggregate_row
2025031501*2,2026-08-23..2026-08-30,1,1,6,6.0000,aggregate_row
2025031501*2,2026-08-30..2026-09-06,1,1,7,8.0000,aggregate_row
2025031501*2,2026-09-06..2026-09-13,1,1,8,10.0000,aggregate_row
2025031501*4,2026-08-09..2026-08-16,1,1,3,7.0000,aggregate_row
2025031501*4,2026-08-16..2026-08-23,1,1,2,2.0000,aggregate_row
2025031501*4,2026-08-23..2026-08-30,1,1,3,4.0000,aggregate_row
2025031501*4,2026-08-30..2026-09-06,1,1,6,8.0000,aggregate_row
2025031501*4,2026-09-06..2026-09-13,1,1,1,3.0000,aggregate_row
2025032428,2026-08-09..2026-08-16,1,1,258,260.0000,aggregate_row
2025032428,2026-08-16..2026-08-23,1,1,199,219.0000,aggregate_row
2025032428,2026-08-23..2026-08-30,1,1,137,139.0000,aggregate_row
2025032428,2026-08-30..2026-09-06,1,1,120,122.0000,aggregate_row
2025032428,2026-09-06..2026-09-13,1,1,103,106.0000,aggregate_row
2025032428*2,2026-08-09..2026-08-16,1,1,37,39.0000,aggregate_row
2025032428*2,2026-08-16..2026-08-23,1,1,30,31.0000,aggregate_row
2025032428*2,2026-08-23..2026-08-30,1,1,12,13.0000,aggregate_row
2025032428*2,2026-08-30..2026-09-06,1,1,13,14.0000,aggregate_row
2025032428*2,2026-09-06..2026-09-13,1,1,20,21.0000,aggregate_row
2025032513,2026-08-09..2026-08-16,1,1,27,27.0000,aggregate_row
2025032513,2026-08-16..2026-08-23,1,1,31,31.0000,aggregate_row
2025032513,2026-08-23..2026-08-30,1,1,35,35.0000,aggregate_row
2025032513,2026-08-30..2026-09-06,1,1,30,30.0000,aggregate_row
2025032513,2026-09-06..2026-09-13,1,1,53,53.0000,aggregate_row
2025032517,2026-08-09..2026-08-16,1,1,3,3.0000,aggregate_row
2025032517,2026-08-16..2026-08-23,1,1,3,3.0000,aggregate_row
2025032517,2026-08-23..2026-08-30,1,1,1,1.0000,aggregate_row
2025032517,2026-08-30..2026-09-06,1,1,2,2.0000,aggregate_row
2025032517,2026-09-06..2026-09-13,1,1,4,4.0000,aggregate_row
2025041501*2,2026-08-09..2026-08-16,1,1,39,39.0000,aggregate_row
2025041501*2,2026-08-16..2026-08-23,1,1,28,28.0000,aggregate_row
2025041501*2,2026-08-23..2026-08-30,1,1,45,46.0000,aggregate_row
2025041501*2,2026-08-30..2026-09-06,1,1,50,50.0000,aggregate_row
2025041501*2,2026-09-06..2026-09-13,1,1,55,55.0000,aggregate_row
2025041501*2+2025061101*2,2026-08-09..2026-08-16,1,1,2912,2915.0000,aggregate_row
2025041501*2+2025061101*2,2026-08-16..2026-08-23,1,1,1825,1825.0000,aggregate_row
2025041501*2+2025061101*2,2026-08-23..2026-08-30,1,1,1630,1633.0000,aggregate_row
2025041501*2+2025061101*2,2026-08-30..2026-09-06,1,1,3715,3717.0000,aggregate_row
2025041501*2+2025061101*2,2026-09-06..2026-09-13,1,1,4487,4489.0000,aggregate_row
2025041501*2+2025061101*2+2025081001,2026-08-09..2026-08-16,1,1,704,704.0000,aggregate_row
2025041501*2+2025061101*2+2025081001,2026-08-16..2026-08-23,1,1,558,559.0000,aggregate_row
2025041501*2+2025061101*2+2025081001,2026-08-23..2026-08-30,1,1,698,699.0000,aggregate_row
2025041501*2+2025061101*2+2025081001,2026-08-30..2026-09-06,1,1,1284,1284.0000,aggregate_row
2025041501*2+2025061101*2+2025081001,2026-09-06..2026-09-13,1,1,1253,1253.0000,aggregate_row
2025041501*2+2026022601*2,2026-08-09..2026-08-16,1,1,2540,2547.0000,aggregate_row
2025041501*2+2026022601*2,2026-08-16..2026-08-23,1,1,1661,1661.0000,aggregate_row
2025041501*2+2026022601*2,2026-08-23..2026-08-30,1,1,1796,1798.0000,aggregate_row
2025041501*2+2026022601*2,2026-08-30..2026-09-06,1,1,2144,2146.0000,aggregate_row
2025041501*2+2026022601*2,2026-09-06..2026-09-13,1,1,2260,2264.0000,aggregate_row
2025041501*2+2026022601*2+22173*2+刷子+金锣,2026-08-09..2026-08-16,1,1,16,16.0000,aggregate_row
2025041501*2+2026022601*2+22173*2+刷子+金锣,2026-08-16..2026-08-23,1,1,7,7.0000,aggregate_row
2025041501*2+2026022601*2+22173*2+刷子+金锣,2026-08-23..2026-08-30,1,1,7,7.0000,aggregate_row
2025041501*2+2026022601*2+22173*2+刷子+金锣,2026-08-30..2026-09-06,1,1,12,13.0000,aggregate_row
2025041501*2+2026022601*2+22173*2+刷子+金锣,2026-09-06..2026-09-13,1,1,17,17.0000,aggregate_row
2025041501*2+2026022601*2+2300201,2026-08-09..2026-08-16,1,1,174,174.0000,aggregate_row
2025041501*2+2026022601*2+2300201,2026-08-16..2026-08-23,1,1,67,67.0000,aggregate_row
2025041501*2+2026022601*2+2300201,2026-08-23..2026-08-30,1,1,66,66.0000,aggregate_row
2025041501*2+2026022601*2+2300201,2026-08-30..2026-09-06,1,1,88,88.0000,aggregate_row
2025041501*2+2026022601*2+2300201,2026-09-06..2026-09-13,1,1,114,114.0000,aggregate_row
2025041501*2+2026022601*3,2026-08-09..2026-08-16,1,1,1415,1417.0000,aggregate_row
2025041501*2+2026022601*3,2026-08-16..2026-08-23,1,1,1650,1657.0000,aggregate_row
2025041501*2+2026022601*3,2026-08-23..2026-08-30,1,1,1821,1836.0000,aggregate_row
2025041501*2+2026022601*3,2026-08-30..2026-09-06,1,1,4112,4160.0000,aggregate_row
2025041501*2+2026022601*3,2026-09-06..2026-09-13,1,1,3393,3435.0000,aggregate_row
2025041501*2+2026022601*3+22173*2+刷子+金锣,2026-08-09..2026-08-16,1,1,38,38.0000,aggregate_row
2025041501*2+2026022601*3+22173*2+刷子+金锣,2026-08-16..2026-08-23,1,1,46,46.0000,aggregate_row
2025041501*2+2026022601*3+22173*2+刷子+金锣,2026-08-23..2026-08-30,1,1,28,28.0000,aggregate_row
2025041501*2+2026022601*3+22173*2+刷子+金锣,2026-08-30..2026-09-06,1,1,65,65.0000,aggregate_row
2025041501*2+2026022601*3+22173*2+刷子+金锣,2026-09-06..2026-09-13,1,1,102,103.0000,aggregate_row
2025041501*2+2026022601*3+22173+1肠+1刷,2026-08-09..2026-08-16,1,1,15,15.0000,aggregate_row
2025041501*2+2026022601*3+22173+1肠+1刷,2026-08-16..2026-08-23,1,1,17,17.0000,aggregate_row
2025041501*2+2026022601*3+22173+1肠+1刷,2026-08-23..2026-08-30,1,1,28,29.0000,aggregate_row
2025041501*2+2026022601*3+22173+1肠+1刷,2026-08-30..2026-09-06,1,1,32,32.0000,aggregate_row
2025041501*2+2026022601*3+22173+1肠+1刷,2026-09-06..2026-09-13,1,1,23,23.0000,aggregate_row
2025041501*2+2026022601*4,2026-08-09..2026-08-16,1,1,91,91.0000,aggregate_row
2025041501*2+2026022601*4,2026-08-16..2026-08-23,1,1,300,300.0000,aggregate_row
2025041501*2+2026022601*4,2026-08-23..2026-08-30,1,1,99,99.0000,aggregate_row
2025041501*2+2026022601*4,2026-08-30..2026-09-06,1,1,1615,1635.0000,aggregate_row
2025041501*2+2026022601*4,2026-09-06..2026-09-13,1,1,1493,1507.0000,aggregate_row
2025041501*2+2026022601*4+22173*3+2025*2,2026-08-09..2026-08-16,1,0,,,verified_zero
2025041501*2+2026022601*4+22173*3+2025*2,2026-08-16..2026-08-23,1,0,,,verified_zero
2025041501*2+2026022601*4+22173*3+2025*2,2026-08-23..2026-08-30,1,1,1,2.0000,aggregate_row
2025041501*2+2026022601*4+22173*3+2025*2,2026-08-30..2026-09-06,1,0,,,verified_zero
2025041501*2+2026022601*4+22173*3+2025*2,2026-09-06..2026-09-13,1,0,,,verified_zero
2025041501*2+2026022601*5,2026-08-09..2026-08-16,1,1,159,159.0000,aggregate_row
2025041501*2+2026022601*5,2026-08-16..2026-08-23,1,1,167,167.0000,aggregate_row
2025041501*2+2026022601*5,2026-08-23..2026-08-30,1,1,167,167.0000,aggregate_row
2025041501*2+2026022601*5,2026-08-30..2026-09-06,1,1,94,94.0000,aggregate_row
2025041501*2+2026022601*5,2026-09-06..2026-09-13,1,1,68,68.0000,aggregate_row
2025041501*3+2025061101*3,2026-08-09..2026-08-16,1,1,12983,13012.0000,aggregate_row
2025041501*3+2025061101*3,2026-08-16..2026-08-23,1,1,7222,7246.0000,aggregate_row
2025041501*3+2025061101*3,2026-08-23..2026-08-30,1,1,7034,7045.0000,aggregate_row
2025041501*3+2025061101*3,2026-08-30..2026-09-06,1,1,15581,15614.0000,aggregate_row
2025041501*3+2025061101*3,2026-09-06..2026-09-13,1,1,20489,20533.0000,aggregate_row
2025041501*3+2025061101*3+2025081001,2026-08-09..2026-08-16,1,1,3391,3398.0000,aggregate_row
2025041501*3+2025061101*3+2025081001,2026-08-16..2026-08-23,1,1,2873,2878.0000,aggregate_row
2025041501*3+2025061101*3+2025081001,2026-08-23..2026-08-30,1,1,3904,3908.0000,aggregate_row
2025041501*3+2025061101*3+2025081001,2026-08-30..2026-09-06,1,1,6917,6925.0000,aggregate_row
2025041501*3+2025061101*3+2025081001,2026-09-06..2026-09-13,1,1,6542,6551.0000,aggregate_row
2025041501*3+2025061101*3+22173+2300201,2026-08-09..2026-08-16,1,1,16,16.0000,aggregate_row
2025041501*3+2025061101*3+22173+2300201,2026-08-16..2026-08-23,1,1,15,15.0000,aggregate_row
2025041501*3+2025061101*3+22173+2300201,2026-08-23..2026-08-30,1,1,25,25.0000,aggregate_row
2025041501*3+2025061101*3+22173+2300201,2026-08-30..2026-09-06,1,1,38,38.0000,aggregate_row
2025041501*3+2025061101*3+22173+2300201,2026-09-06..2026-09-13,1,1,62,62.0000,aggregate_row
2025041501*3+2026022601*3,2026-08-09..2026-08-16,1,1,2347,2359.0000,aggregate_row
2025041501*3+2026022601*3,2026-08-16..2026-08-23,1,1,1585,1598.0000,aggregate_row
2025041501*3+2026022601*3,2026-08-23..2026-08-30,1,1,1719,1729.0000,aggregate_row
2025041501*3+2026022601*3,2026-08-30..2026-09-06,1,1,1909,1921.0000,aggregate_row
2025041501*3+2026022601*3,2026-09-06..2026-09-13,1,1,2216,2231.0000,aggregate_row
2025041501*3+2026022601*3+2025051701*3,2026-08-09..2026-08-16,1,1,10,10.0000,aggregate_row
2025041501*3+2026022601*3+2025051701*3,2026-08-16..2026-08-23,1,1,5,5.0000,aggregate_row
2025041501*3+2026022601*3+2025051701*3,2026-08-23..2026-08-30,1,1,9,9.0000,aggregate_row
2025041501*3+2026022601*3+2025051701*3,2026-08-30..2026-09-06,1,1,3,3.0000,aggregate_row
2025041501*3+2026022601*3+2025051701*3,2026-09-06..2026-09-13,1,1,5,5.0000,aggregate_row
2025041501*3+2026022601*3+22173*3+1701*3,2026-08-09..2026-08-16,1,1,7,7.0000,aggregate_row
2025041501*3+2026022601*3+22173*3+1701*3,2026-08-16..2026-08-23,1,1,2,2.0000,aggregate_row
2025041501*3+2026022601*3+22173*3+1701*3,2026-08-23..2026-08-30,1,1,10,10.0000,aggregate_row
2025041501*3+2026022601*3+22173*3+1701*3,2026-08-30..2026-09-06,1,1,7,7.0000,aggregate_row
2025041501*3+2026022601*3+22173*3+1701*3,2026-09-06..2026-09-13,1,1,11,11.0000,aggregate_row
2025041501*3+2026022601*3+22173*9+2300201,2026-08-09..2026-08-16,1,1,3,3.0000,aggregate_row
2025041501*3+2026022601*3+22173*9+2300201,2026-08-16..2026-08-23,1,0,,,verified_zero
2025041501*3+2026022601*3+22173*9+2300201,2026-08-23..2026-08-30,1,0,,,verified_zero
2025041501*3+2026022601*3+22173*9+2300201,2026-08-30..2026-09-06,1,1,1,1.0000,aggregate_row
2025041501*3+2026022601*3+22173*9+2300201,2026-09-06..2026-09-13,1,0,,,verified_zero
2025041501*3+2026022601*4+22173*3+刷1,2026-08-09..2026-08-16,1,1,20,26.0000,aggregate_row
2025041501*3+2026022601*4+22173*3+刷1,2026-08-16..2026-08-23,1,1,22,22.0000,aggregate_row
2025041501*3+2026022601*4+22173*3+刷1,2026-08-23..2026-08-30,1,1,20,20.0000,aggregate_row
2025041501*3+2026022601*4+22173*3+刷1,2026-08-30..2026-09-06,1,1,40,42.0000,aggregate_row
2025041501*3+2026022601*4+22173*3+刷1,2026-09-06..2026-09-13,1,1,23,23.0000,aggregate_row
2025041501*3+2026022601*5,2026-08-09..2026-08-16,1,1,86,86.0000,aggregate_row
2025041501*3+2026022601*5,2026-08-16..2026-08-23,1,1,56,56.0000,aggregate_row
2025041501*3+2026022601*5,2026-08-23..2026-08-30,1,1,106,107.0000,aggregate_row
2025041501*3+2026022601*5,2026-08-30..2026-09-06,1,1,72,72.0000,aggregate_row
2025041501*3+2026022601*5,2026-09-06..2026-09-13,1,1,170,171.0000,aggregate_row
2025041501*3+2026022601*5+22173*2+刷子+肠*3,2026-08-09..2026-08-16,1,1,6,6.0000,aggregate_row
2025041501*3+2026022601*5+22173*2+刷子+肠*3,2026-08-16..2026-08-23,1,1,1,1.0000,aggregate_row
2025041501*3+2026022601*5+22173*2+刷子+肠*3,2026-08-23..2026-08-30,1,1,4,4.0000,aggregate_row
2025041501*3+2026022601*5+22173*2+刷子+肠*3,2026-08-30..2026-09-06,1,1,1,1.0000,aggregate_row
2025041501*3+2026022601*5+22173*2+刷子+肠*3,2026-09-06..2026-09-13,1,1,7,7.0000,aggregate_row
2025041501*3+2026022601*6,2026-08-09..2026-08-16,1,1,165,166.0000,aggregate_row
2025041501*3+2026022601*6,2026-08-16..2026-08-23,1,1,141,141.0000,aggregate_row
2025041501*3+2026022601*6,2026-08-23..2026-08-30,1,1,150,151.0000,aggregate_row
2025041501*3+2026022601*6,2026-08-30..2026-09-06,1,1,102,104.0000,aggregate_row
2025041501*3+2026022601*6,2026-09-06..2026-09-13,1,1,71,72.0000,aggregate_row
2025041501*4+2025061101*6,2026-08-09..2026-08-16,1,1,1402,1416.0000,aggregate_row
2025041501*4+2025061101*6,2026-08-16..2026-08-23,1,1,904,927.0000,aggregate_row
2025041501*4+2025061101*6,2026-08-23..2026-08-30,1,1,863,880.0000,aggregate_row
2025041501*4+2025061101*6,2026-08-30..2026-09-06,1,1,1847,1865.0000,aggregate_row
2025041501*4+2025061101*6,2026-09-06..2026-09-13,1,1,2505,2560.0000,aggregate_row
2025041501*4+2025061101*6+2025081001,2026-08-09..2026-08-16,1,1,385,387.0000,aggregate_row
2025041501*4+2025061101*6+2025081001,2026-08-16..2026-08-23,1,1,303,307.0000,aggregate_row
2025041501*4+2025061101*6+2025081001,2026-08-23..2026-08-30,1,1,405,409.0000,aggregate_row
2025041501*4+2025061101*6+2025081001,2026-08-30..2026-09-06,1,1,572,575.0000,aggregate_row
2025041501*4+2025061101*6+2025081001,2026-09-06..2026-09-13,1,1,718,720.0000,aggregate_row
2025041501*4+2026022601*4,2026-08-09..2026-08-16,1,1,14,14.0000,aggregate_row
2025041501*4+2026022601*4,2026-08-16..2026-08-23,1,1,125,125.0000,aggregate_row
2025041501*4+2026022601*4,2026-08-23..2026-08-30,1,1,15,16.0000,aggregate_row
2025041501*4+2026022601*4,2026-08-30..2026-09-06,1,1,10,11.0000,aggregate_row
2025041501*4+2026022601*4,2026-09-06..2026-09-13,1,1,13,13.0000,aggregate_row
2025041501*4+2026022601*4+2025051701*4,2026-08-09..2026-08-16,1,1,11,11.0000,aggregate_row
2025041501*4+2026022601*4+2025051701*4,2026-08-16..2026-08-23,1,1,7,7.0000,aggregate_row
2025041501*4+2026022601*4+2025051701*4,2026-08-23..2026-08-30,1,1,18,18.0000,aggregate_row
2025041501*4+2026022601*4+2025051701*4,2026-08-30..2026-09-06,1,1,8,8.0000,aggregate_row
2025041501*4+2026022601*4+2025051701*4,2026-09-06..2026-09-13,1,1,10,10.0000,aggregate_row
2025041501*4+2026022601*4+2300201,2026-08-09..2026-08-16,1,1,2,2.0000,aggregate_row
2025041501*4+2026022601*4+2300201,2026-08-16..2026-08-23,1,1,2,2.0000,aggregate_row
2025041501*4+2026022601*4+2300201,2026-08-23..2026-08-30,1,1,2,2.0000,aggregate_row
2025041501*4+2026022601*4+2300201,2026-08-30..2026-09-06,1,1,4,4.0000,aggregate_row
2025041501*4+2026022601*4+2300201,2026-09-06..2026-09-13,1,1,1,1.0000,aggregate_row
2025041501*4+2026022601*5+22173*8+2300201,2026-08-09..2026-08-16,1,1,3,3.0000,aggregate_row
2025041501*4+2026022601*5+22173*8+2300201,2026-08-16..2026-08-23,1,1,1,1.0000,aggregate_row
2025041501*4+2026022601*5+22173*8+2300201,2026-08-23..2026-08-30,1,1,4,4.0000,aggregate_row
2025041501*4+2026022601*5+22173*8+2300201,2026-08-30..2026-09-06,1,1,5,5.0000,aggregate_row
2025041501*4+2026022601*5+22173*8+2300201,2026-09-06..2026-09-13,1,1,7,7.0000,aggregate_row
2025041501*4+2026022601*5+2300201,2026-08-09..2026-08-16,1,1,48,48.0000,aggregate_row
2025041501*4+2026022601*5+2300201,2026-08-16..2026-08-23,1,1,21,21.0000,aggregate_row
2025041501*4+2026022601*5+2300201,2026-08-23..2026-08-30,1,1,26,26.0000,aggregate_row
2025041501*4+2026022601*5+2300201,2026-08-30..2026-09-06,1,1,22,22.0000,aggregate_row
2025041501*4+2026022601*5+2300201,2026-09-06..2026-09-13,1,1,41,41.0000,aggregate_row
2025041501*4+2026022601*6,2026-08-09..2026-08-16,1,1,767,769.0000,aggregate_row
2025041501*4+2026022601*6,2026-08-16..2026-08-23,1,1,517,523.0000,aggregate_row
2025041501*4+2026022601*6,2026-08-23..2026-08-30,1,1,556,562.0000,aggregate_row
2025041501*4+2026022601*6,2026-08-30..2026-09-06,1,1,525,532.0000,aggregate_row
2025041501*4+2026022601*6,2026-09-06..2026-09-13,1,1,529,537.0000,aggregate_row
2025041501*5,2026-08-09..2026-08-16,1,1,13,13.0000,aggregate_row
2025041501*5,2026-08-16..2026-08-23,1,1,16,17.0000,aggregate_row
2025041501*5,2026-08-23..2026-08-30,1,1,10,15.0000,aggregate_row
2025041501*5,2026-08-30..2026-09-06,1,1,18,19.0000,aggregate_row
2025041501*5,2026-09-06..2026-09-13,1,1,20,22.0000,aggregate_row
2025041501*5+2025061101*5+22173*5+2300201*2,2026-08-09..2026-08-16,1,1,5,5.0000,aggregate_row
2025041501*5+2025061101*5+22173*5+2300201*2,2026-08-16..2026-08-23,1,1,3,3.0000,aggregate_row
2025041501*5+2025061101*5+22173*5+2300201*2,2026-08-23..2026-08-30,1,0,,,verified_zero
2025041501*5+2025061101*5+22173*5+2300201*2,2026-08-30..2026-09-06,1,1,10,10.0000,aggregate_row
2025041501*5+2025061101*5+22173*5+2300201*2,2026-09-06..2026-09-13,1,1,11,11.0000,aggregate_row
2025041501*5+2026022601*8,2026-08-09..2026-08-16,1,1,8,8.0000,aggregate_row
2025041501*5+2026022601*8,2026-08-16..2026-08-23,1,1,7,7.0000,aggregate_row
2025041501*5+2026022601*8,2026-08-23..2026-08-30,1,1,12,12.0000,aggregate_row
2025041501*5+2026022601*8,2026-08-30..2026-09-06,1,1,20,20.0000,aggregate_row
2025041501*5+2026022601*8,2026-09-06..2026-09-13,1,1,24,24.0000,aggregate_row
2025041501*5+2026022601*8+22173*2+刷子+肠*5,2026-08-09..2026-08-16,1,1,11,11.0000,aggregate_row
2025041501*5+2026022601*8+22173*2+刷子+肠*5,2026-08-16..2026-08-23,1,1,5,7.0000,aggregate_row
2025041501*5+2026022601*8+22173*2+刷子+肠*5,2026-08-23..2026-08-30,1,1,8,8.0000,aggregate_row
2025041501*5+2026022601*8+22173*2+刷子+肠*5,2026-08-30..2026-09-06,1,1,15,15.0000,aggregate_row
2025041501*5+2026022601*8+22173*2+刷子+肠*5,2026-09-06..2026-09-13,1,1,22,22.0000,aggregate_row
2025041501+2025061101,2026-08-09..2026-08-16,1,1,3449,3458.0000,aggregate_row
2025041501+2025061101,2026-08-16..2026-08-23,1,1,2176,2190.0000,aggregate_row
2025041501+2025061101,2026-08-23..2026-08-30,1,1,1981,1993.0000,aggregate_row
2025041501+2025061101,2026-08-30..2026-09-06,1,1,4632,4653.0000,aggregate_row
2025041501+2025061101,2026-09-06..2026-09-13,1,1,5416,5434.0000,aggregate_row
2025041501+2025061101+2025081001,2026-08-09..2026-08-16,1,1,877,877.0000,aggregate_row
2025041501+2025061101+2025081001,2026-08-16..2026-08-23,1,1,817,817.0000,aggregate_row
2025041501+2025061101+2025081001,2026-08-23..2026-08-30,1,1,861,861.0000,aggregate_row
2025041501+2025061101+2025081001,2026-08-30..2026-09-06,1,1,1416,1416.0000,aggregate_row
2025041501+2025061101+2025081001,2026-09-06..2026-09-13,1,1,1557,1557.0000,aggregate_row
2025041501+2026022601,2026-08-09..2026-08-16,1,1,1492,1496.0000,aggregate_row
2025041501+2026022601,2026-08-16..2026-08-23,1,1,964,968.0000,aggregate_row
2025041501+2026022601,2026-08-23..2026-08-30,1,1,1219,1226.0000,aggregate_row
2025041501+2026022601,2026-08-30..2026-09-06,1,1,1233,1236.0000,aggregate_row
2025041501+2026022601,2026-09-06..2026-09-13,1,1,1149,1150.0000,aggregate_row
2025041501+2026022601*2,2026-08-09..2026-08-16,1,1,84,86.0000,aggregate_row
2025041501+2026022601*2,2026-08-16..2026-08-23,1,1,78,79.0000,aggregate_row
2025041501+2026022601*2,2026-08-23..2026-08-30,1,1,98,108.0000,aggregate_row
2025041501+2026022601*2,2026-08-30..2026-09-06,1,1,140,140.0000,aggregate_row
2025041501+2026022601*2,2026-09-06..2026-09-13,1,1,139,142.0000,aggregate_row
2025041501+2026022601*2+2300201,2026-08-09..2026-08-16,1,1,60,60.0000,aggregate_row
2025041501+2026022601*2+2300201,2026-08-16..2026-08-23,1,1,25,25.0000,aggregate_row
2025041501+2026022601*2+2300201,2026-08-23..2026-08-30,1,1,22,22.0000,aggregate_row
2025041501+2026022601*2+2300201,2026-08-30..2026-09-06,1,1,25,25.0000,aggregate_row
2025041501+2026022601*2+2300201,2026-09-06..2026-09-13,1,1,34,34.0000,aggregate_row
2025041501+2026022601*3,2026-08-09..2026-08-16,1,1,314,314.0000,aggregate_row
2025041501+2026022601*3,2026-08-16..2026-08-23,1,1,364,364.0000,aggregate_row
2025041501+2026022601*3,2026-08-23..2026-08-30,1,1,413,414.0000,aggregate_row
2025041501+2026022601*3,2026-08-30..2026-09-06,1,1,273,273.0000,aggregate_row
2025041501+2026022601*3,2026-09-06..2026-09-13,1,1,228,229.0000,aggregate_row
2025041501+2026022601+22173+2025051701,2026-08-09..2026-08-16,1,1,33,33.0000,aggregate_row
2025041501+2026022601+22173+2025051701,2026-08-16..2026-08-23,1,1,14,14.0000,aggregate_row
2025041501+2026022601+22173+2025051701,2026-08-23..2026-08-30,1,1,14,14.0000,aggregate_row
2025041501+2026022601+22173+2025051701,2026-08-30..2026-09-06,1,1,18,18.0000,aggregate_row
2025041501+2026022601+22173+2025051701,2026-09-06..2026-09-13,1,1,22,22.0000,aggregate_row
2025041501+2026022601+22173+刷子+金锣,2026-08-09..2026-08-16,1,1,26,26.0000,aggregate_row
2025041501+2026022601+22173+刷子+金锣,2026-08-16..2026-08-23,1,1,8,8.0000,aggregate_row
2025041501+2026022601+22173+刷子+金锣,2026-08-23..2026-08-30,1,1,5,5.0000,aggregate_row
2025041501+2026022601+22173+刷子+金锣,2026-08-30..2026-09-06,1,1,19,19.0000,aggregate_row
2025041501+2026022601+22173+刷子+金锣,2026-09-06..2026-09-13,1,1,22,22.0000,aggregate_row
2025042502,2026-08-09..2026-08-16,1,1,93,94.0000,aggregate_row
2025042502,2026-08-16..2026-08-23,1,1,144,146.0000,aggregate_row
2025042502,2026-08-23..2026-08-30,1,1,150,154.0000,aggregate_row
2025042502,2026-08-30..2026-09-06,1,1,341,342.0000,aggregate_row
2025042502,2026-09-06..2026-09-13,1,1,254,255.0000,aggregate_row
2025042502*2,2026-08-09..2026-08-16,1,1,181,182.0000,aggregate_row
2025042502*2,2026-08-16..2026-08-23,1,1,187,187.0000,aggregate_row
2025042502*2,2026-08-23..2026-08-30,1,1,230,230.0000,aggregate_row
2025042502*2,2026-08-30..2026-09-06,1,1,475,484.0000,aggregate_row
2025042502*2,2026-09-06..2026-09-13,1,1,316,316.0000,aggregate_row
2025042502*3,2026-08-09..2026-08-16,1,1,547,547.0000,aggregate_row
2025042502*3,2026-08-16..2026-08-23,1,1,667,667.0000,aggregate_row
2025042502*3,2026-08-23..2026-08-30,1,1,809,829.0000,aggregate_row
2025042502*3,2026-08-30..2026-09-06,1,1,1670,1677.0000,aggregate_row
2025042502*3,2026-09-06..2026-09-13,1,1,912,912.0000,aggregate_row
2025042502*5,2026-08-09..2026-08-16,1,1,145,166.0000,aggregate_row
2025042502*5,2026-08-16..2026-08-23,1,1,116,154.0000,aggregate_row
2025042502*5,2026-08-23..2026-08-30,1,1,152,182.0000,aggregate_row
2025042502*5,2026-08-30..2026-09-06,1,1,280,315.0000,aggregate_row
2025042502*5,2026-09-06..2026-09-13,1,1,178,238.0000,aggregate_row
2025050810,2026-08-09..2026-08-16,1,1,656,673.0000,aggregate_row
2025050810,2026-08-16..2026-08-23,1,1,566,592.0000,aggregate_row
2025050810,2026-08-23..2026-08-30,1,1,648,670.0000,aggregate_row
2025050810,2026-08-30..2026-09-06,1,1,50,53.0000,aggregate_row
2025050810,2026-09-06..2026-09-13,1,1,12,19.0000,aggregate_row
2025051323,2026-08-09..2026-08-16,1,1,4,4.0000,aggregate_row
2025051323,2026-08-16..2026-08-23,1,1,2,2.0000,aggregate_row
2025051323,2026-08-23..2026-08-30,1,1,3,3.0000,aggregate_row
2025051323,2026-08-30..2026-09-06,1,1,1,1.0000,aggregate_row
2025051323,2026-09-06..2026-09-13,1,1,4,4.0000,aggregate_row
2025051323*2,2026-08-09..2026-08-16,1,1,359,365.0000,aggregate_row
2025051323*2,2026-08-16..2026-08-23,1,1,323,331.0000,aggregate_row
2025051323*2,2026-08-23..2026-08-30,1,1,189,196.0000,aggregate_row
2025051323*2,2026-08-30..2026-09-06,1,1,134,136.0000,aggregate_row
2025051323*2,2026-09-06..2026-09-13,1,1,101,103.0000,aggregate_row
2025051323*4,2026-08-09..2026-08-16,1,1,82,89.0000,aggregate_row
2025051323*4,2026-08-16..2026-08-23,1,1,68,73.0000,aggregate_row
2025051323*4,2026-08-23..2026-08-30,1,1,42,46.0000,aggregate_row
2025051323*4,2026-08-30..2026-09-06,1,1,24,26.0000,aggregate_row
2025051323*4,2026-09-06..2026-09-13,1,1,25,26.0000,aggregate_row
2025051323*5,2026-08-09..2026-08-16,1,1,34,37.0000,aggregate_row
2025051323*5,2026-08-16..2026-08-23,1,1,20,23.0000,aggregate_row
2025051323*5,2026-08-23..2026-08-30,1,1,12,13.0000,aggregate_row
2025051323*5,2026-08-30..2026-09-06,1,1,13,14.0000,aggregate_row
2025051323*5,2026-09-06..2026-09-13,1,1,2,2.0000,aggregate_row
2025051501,2026-08-09..2026-08-16,1,1,10,10.0000,aggregate_row
2025051501,2026-08-16..2026-08-23,1,1,5,5.0000,aggregate_row
2025051501,2026-08-23..2026-08-30,1,1,25,25.0000,aggregate_row
2025051501,2026-08-30..2026-09-06,1,1,9,9.0000,aggregate_row
2025051501,2026-09-06..2026-09-13,1,1,2,2.0000,aggregate_row
2025052220*2,2026-08-09..2026-08-16,1,1,10,10.0000,aggregate_row
2025052220*2,2026-08-16..2026-08-23,1,1,12,12.0000,aggregate_row
2025052220*2,2026-08-23..2026-08-30,1,1,16,16.0000,aggregate_row
2025052220*2,2026-08-30..2026-09-06,1,1,13,13.0000,aggregate_row
2025052220*2,2026-09-06..2026-09-13,1,1,1,1.0000,aggregate_row
2025052220*3,2026-08-09..2026-08-16,1,1,3,3.0000,aggregate_row
2025052220*3,2026-08-16..2026-08-23,1,1,4,4.0000,aggregate_row
2025052220*3,2026-08-23..2026-08-30,1,1,6,6.0000,aggregate_row
2025052220*3,2026-08-30..2026-09-06,1,1,7,7.0000,aggregate_row
2025052220*3,2026-09-06..2026-09-13,1,0,,,verified_zero
2025052220*5,2026-08-09..2026-08-16,1,1,4,4.0000,aggregate_row
2025052220*5,2026-08-16..2026-08-23,1,1,10,10.0000,aggregate_row
2025052220*5,2026-08-23..2026-08-30,1,1,8,9.0000,aggregate_row
2025052220*5,2026-08-30..2026-09-06,1,1,9,9.0000,aggregate_row
2025052220*5,2026-09-06..2026-09-13,1,1,1,1.0000,aggregate_row
2025061101*3,2026-08-09..2026-08-16,1,1,411,424.0000,aggregate_row
2025061101*3,2026-08-16..2026-08-23,1,1,294,307.0000,aggregate_row
2025061101*3,2026-08-23..2026-08-30,1,1,235,245.0000,aggregate_row
2025061101*3,2026-08-30..2026-09-06,1,1,422,441.0000,aggregate_row
2025061101*3,2026-09-06..2026-09-13,1,1,597,618.0000,aggregate_row
2025061101*3+2025081001,2026-08-09..2026-08-16,1,1,67,68.0000,aggregate_row
2025061101*3+2025081001,2026-08-16..2026-08-23,1,1,73,77.0000,aggregate_row
2025061101*3+2025081001,2026-08-23..2026-08-30,1,1,81,84.0000,aggregate_row
2025061101*3+2025081001,2026-08-30..2026-09-06,1,1,99,100.0000,aggregate_row
2025061101*3+2025081001,2026-09-06..2026-09-13,1,1,128,128.0000,aggregate_row
2025061101*8,2026-08-09..2026-08-16,1,1,20,20.0000,aggregate_row
2025061101*8,2026-08-16..2026-08-23,1,1,16,16.0000,aggregate_row
2025061101*8,2026-08-23..2026-08-30,1,1,18,18.0000,aggregate_row
2025061101*8,2026-08-30..2026-09-06,1,1,21,21.0000,aggregate_row
2025061101*8,2026-09-06..2026-09-13,1,1,22,22.0000,aggregate_row
2025062308,2026-08-09..2026-08-16,1,1,1,1.0000,aggregate_row
2025062308,2026-08-16..2026-08-23,1,0,,,verified_zero
2025062308,2026-08-23..2026-08-30,1,1,1,1.0000,aggregate_row
2025062308,2026-08-30..2026-09-06,1,0,,,verified_zero
2025062308,2026-09-06..2026-09-13,1,1,1,1.0000,aggregate_row
2025062602,2026-08-09..2026-08-16,1,1,11,11.0000,aggregate_row
2025062602,2026-08-16..2026-08-23,1,1,7,7.0000,aggregate_row
2025062602,2026-08-23..2026-08-30,1,1,10,10.0000,aggregate_row
2025062602,2026-08-30..2026-09-06,1,1,7,7.0000,aggregate_row
2025062602,2026-09-06..2026-09-13,1,1,12,15.0000,aggregate_row
2025062604,2026-08-09..2026-08-16,1,0,,,verified_zero
2025062604,2026-08-16..2026-08-23,1,0,,,verified_zero
2025062604,2026-08-23..2026-08-30,1,1,3,3.0000,aggregate_row
2025062604,2026-08-30..2026-09-06,1,1,4,4.0000,aggregate_row
2025062604,2026-09-06..2026-09-13,1,1,4,5.0000,aggregate_row
2025070714,2026-08-09..2026-08-16,1,1,81,86.0000,aggregate_row
2025070714,2026-08-16..2026-08-23,1,1,46,48.0000,aggregate_row
2025070714,2026-08-23..2026-08-30,1,1,53,55.0000,aggregate_row
2025070714,2026-08-30..2026-09-06,1,1,38,39.0000,aggregate_row
2025070714,2026-09-06..2026-09-13,1,1,40,43.0000,aggregate_row
2025072404*3,2026-08-09..2026-08-16,1,1,13,13.0000,aggregate_row
2025072404*3,2026-08-16..2026-08-23,1,1,9,9.0000,aggregate_row
2025072404*3,2026-08-23..2026-08-30,1,1,11,11.0000,aggregate_row
2025072404*3,2026-08-30..2026-09-06,1,1,4,4.0000,aggregate_row
2025072404*3,2026-09-06..2026-09-13,1,0,,,verified_zero
2025080301,2026-08-09..2026-08-16,1,1,429,436.0000,aggregate_row
2025080301,2026-08-16..2026-08-23,1,1,402,407.0000,aggregate_row
2025080301,2026-08-23..2026-08-30,1,1,426,433.0000,aggregate_row
2025080301,2026-08-30..2026-09-06,1,1,215,226.0000,aggregate_row
2025080301,2026-09-06..2026-09-13,1,1,161,162.0000,aggregate_row
2025080301*10,2026-08-09..2026-08-16,1,1,33,34.0000,aggregate_row
2025080301*10,2026-08-16..2026-08-23,1,1,37,37.0000,aggregate_row
2025080301*10,2026-08-23..2026-08-30,1,1,30,33.0000,aggregate_row
2025080301*10,2026-08-30..2026-09-06,1,1,22,24.0000,aggregate_row
2025080301*10,2026-09-06..2026-09-13,1,1,26,28.0000,aggregate_row
2025080301*3,2026-08-09..2026-08-16,1,1,1413,1420.0000,aggregate_row
2025080301*3,2026-08-16..2026-08-23,1,1,1609,1614.0000,aggregate_row
2025080301*3,2026-08-23..2026-08-30,1,1,1701,1704.0000,aggregate_row
2025080301*3,2026-08-30..2026-09-06,1,1,689,690.0000,aggregate_row
2025080301*3,2026-09-06..2026-09-13,1,1,394,397.0000,aggregate_row
2025080301*4,2026-08-09..2026-08-16,1,1,1152,1193.0000,aggregate_row
2025080301*4,2026-08-16..2026-08-23,1,1,1173,1202.0000,aggregate_row
2025080301*4,2026-08-23..2026-08-30,1,1,1109,1169.0000,aggregate_row
2025080301*4,2026-08-30..2026-09-06,1,1,688,717.0000,aggregate_row
2025080301*4,2026-09-06..2026-09-13,1,1,639,662.0000,aggregate_row
2025080301*5,2026-08-09..2026-08-16,1,1,744,758.0000,aggregate_row
2025080301*5,2026-08-16..2026-08-23,1,1,674,698.0000,aggregate_row
2025080301*5,2026-08-23..2026-08-30,1,1,707,727.0000,aggregate_row
2025080301*5,2026-08-30..2026-09-06,1,1,381,396.0000,aggregate_row
2025080301*5,2026-09-06..2026-09-13,1,1,299,310.0000,aggregate_row
2025080621,2026-08-09..2026-08-16,1,1,297,298.0000,aggregate_row
2025080621,2026-08-16..2026-08-23,1,1,179,179.0000,aggregate_row
2025080621,2026-08-23..2026-08-30,1,1,96,98.0000,aggregate_row
2025080621,2026-08-30..2026-09-06,1,1,94,97.0000,aggregate_row
2025080621,2026-09-06..2026-09-13,1,1,130,131.0000,aggregate_row
2025080621*10,2026-08-09..2026-08-16,1,1,1745,1773.0000,aggregate_row
2025080621*10,2026-08-16..2026-08-23,1,1,2755,2795.0000,aggregate_row
2025080621*10,2026-08-23..2026-08-30,1,1,2337,2361.0000,aggregate_row
2025080621*10,2026-08-30..2026-09-06,1,1,1539,1574.0000,aggregate_row
2025080621*10,2026-09-06..2026-09-13,1,1,1233,1260.0000,aggregate_row
2025080621*2,2026-08-09..2026-08-16,1,1,3772,3786.0000,aggregate_row
2025080621*2,2026-08-16..2026-08-23,1,1,2293,2302.0000,aggregate_row
2025080621*2,2026-08-23..2026-08-30,1,1,1545,1551.0000,aggregate_row
2025080621*2,2026-08-30..2026-09-06,1,1,1492,1500.0000,aggregate_row
2025080621*2,2026-09-06..2026-09-13,1,1,2446,2454.0000,aggregate_row
2025080621*3,2026-08-09..2026-08-16,1,1,506,508.0000,aggregate_row
2025080621*3,2026-08-16..2026-08-23,1,1,353,357.0000,aggregate_row
2025080621*3,2026-08-23..2026-08-30,1,1,249,253.0000,aggregate_row
2025080621*3,2026-08-30..2026-09-06,1,1,244,244.0000,aggregate_row
2025080621*3,2026-09-06..2026-09-13,1,1,297,297.0000,aggregate_row
2025080621*4,2026-08-09..2026-08-16,1,1,689,700.0000,aggregate_row
2025080621*4,2026-08-16..2026-08-23,1,1,458,470.0000,aggregate_row
2025080621*4,2026-08-23..2026-08-30,1,1,352,356.0000,aggregate_row
2025080621*4,2026-08-30..2026-09-06,1,1,474,502.0000,aggregate_row
2025080621*4,2026-09-06..2026-09-13,1,1,1800,1849.0000,aggregate_row
2025080621*5,2026-08-09..2026-08-16,1,1,29045,29143.0000,aggregate_row
2025080621*5,2026-08-16..2026-08-23,1,1,35764,35827.0000,aggregate_row
2025080621*5,2026-08-23..2026-08-30,1,1,30104,30200.0000,aggregate_row
2025080621*5,2026-08-30..2026-09-06,1,1,15043,15109.0000,aggregate_row
2025080621*5,2026-09-06..2026-09-13,1,1,9291,9342.0000,aggregate_row
2025080621*6+2025080704*2,2026-08-09..2026-08-16,1,1,16,19.0000,aggregate_row
2025080621*6+2025080704*2,2026-08-16..2026-08-23,1,1,14,24.0000,aggregate_row
2025080621*6+2025080704*2,2026-08-23..2026-08-30,1,1,18,22.0000,aggregate_row
2025080621*6+2025080704*2,2026-08-30..2026-09-06,1,1,18,19.0000,aggregate_row
2025080621*6+2025080704*2,2026-09-06..2026-09-13,1,1,13,14.0000,aggregate_row
2025080621*8,2026-08-09..2026-08-16,1,1,1164,1164.0000,aggregate_row
2025080621*8,2026-08-16..2026-08-23,1,1,1932,1934.0000,aggregate_row
2025080621*8,2026-08-23..2026-08-30,1,1,1652,1652.0000,aggregate_row
2025080621*8,2026-08-30..2026-09-06,1,1,900,900.0000,aggregate_row
2025080621*8,2026-09-06..2026-09-13,1,1,669,671.0000,aggregate_row
2025080703*3,2026-08-09..2026-08-16,1,1,37,37.0000,aggregate_row
2025080703*3,2026-08-16..2026-08-23,1,1,31,31.0000,aggregate_row
2025080703*3,2026-08-23..2026-08-30,1,1,45,45.0000,aggregate_row
2025080703*3,2026-08-30..2026-09-06,1,1,29,29.0000,aggregate_row
2025080703*3,2026-09-06..2026-09-13,1,1,30,30.0000,aggregate_row
2025080703*5,2026-08-09..2026-08-16,1,1,18,18.0000,aggregate_row
2025080703*5,2026-08-16..2026-08-23,1,1,5,5.0000,aggregate_row
2025080703*5,2026-08-23..2026-08-30,1,1,10,11.0000,aggregate_row
2025080703*5,2026-08-30..2026-09-06,1,1,21,21.0000,aggregate_row
2025080703*5,2026-09-06..2026-09-13,1,1,14,14.0000,aggregate_row
2025080704*5,2026-08-09..2026-08-16,1,1,35,36.0000,aggregate_row
2025080704*5,2026-08-16..2026-08-23,1,1,57,57.0000,aggregate_row
2025080704*5,2026-08-23..2026-08-30,1,1,84,85.0000,aggregate_row
2025080704*5,2026-08-30..2026-09-06,1,1,91,91.0000,aggregate_row
2025080704*5,2026-09-06..2026-09-13,1,1,126,127.0000,aggregate_row
2025080801,2026-08-09..2026-08-16,1,1,55,55.0000,aggregate_row
2025080801,2026-08-16..2026-08-23,1,1,38,38.0000,aggregate_row
2025080801,2026-08-23..2026-08-30,1,1,54,56.0000,aggregate_row
2025080801,2026-08-30..2026-09-06,1,1,60,62.0000,aggregate_row
2025080801,2026-09-06..2026-09-13,1,1,68,72.0000,aggregate_row
2025080802,2026-08-09..2026-08-16,1,1,114,116.0000,aggregate_row
2025080802,2026-08-16..2026-08-23,1,1,121,136.0000,aggregate_row
2025080802,2026-08-23..2026-08-30,1,1,152,152.0000,aggregate_row
2025080802,2026-08-30..2026-09-06,1,1,167,168.0000,aggregate_row
2025080802,2026-09-06..2026-09-13,1,1,183,185.0000,aggregate_row
2025080803,2026-08-09..2026-08-16,1,1,119,125.0000,aggregate_row
2025080803,2026-08-16..2026-08-23,1,1,120,122.0000,aggregate_row
2025080803,2026-08-23..2026-08-30,1,1,142,153.0000,aggregate_row
2025080803,2026-08-30..2026-09-06,1,1,154,155.0000,aggregate_row
2025080803,2026-09-06..2026-09-13,1,1,193,201.0000,aggregate_row
2025080804,2026-08-09..2026-08-16,1,1,52,54.0000,aggregate_row
2025080804,2026-08-16..2026-08-23,1,1,48,50.0000,aggregate_row
2025080804,2026-08-23..2026-08-30,1,1,46,46.0000,aggregate_row
2025080804,2026-08-30..2026-09-06,1,1,47,49.0000,aggregate_row
2025080804,2026-09-06..2026-09-13,1,1,64,64.0000,aggregate_row
2025081201,2026-08-09..2026-08-16,1,1,96,105.0000,aggregate_row
2025081201,2026-08-16..2026-08-23,1,1,67,69.0000,aggregate_row
2025081201,2026-08-23..2026-08-30,1,1,69,71.0000,aggregate_row
2025081201,2026-08-30..2026-09-06,1,1,48,48.0000,aggregate_row
2025081201,2026-09-06..2026-09-13,1,1,63,72.0000,aggregate_row
2025081405,2026-08-09..2026-08-16,1,1,76,76.0000,aggregate_row
2025081405,2026-08-16..2026-08-23,1,1,95,98.0000,aggregate_row
2025081405,2026-08-23..2026-08-30,1,1,59,61.0000,aggregate_row
2025081405,2026-08-30..2026-09-06,1,1,39,40.0000,aggregate_row
2025081405,2026-09-06..2026-09-13,1,1,41,41.0000,aggregate_row
2025081405*2+2025081001,2026-08-09..2026-08-16,1,1,90,93.0000,aggregate_row
2025081405*2+2025081001,2026-08-16..2026-08-23,1,1,236,237.0000,aggregate_row
2025081405*2+2025081001,2026-08-23..2026-08-30,1,1,79,80.0000,aggregate_row
2025081405*2+2025081001,2026-08-30..2026-09-06,1,1,9,9.0000,aggregate_row
2025081405*2+2025081001,2026-09-06..2026-09-13,1,1,13,13.0000,aggregate_row
2025081405+2025081001,2026-08-09..2026-08-16,1,1,48,48.0000,aggregate_row
2025081405+2025081001,2026-08-16..2026-08-23,1,1,178,178.0000,aggregate_row
2025081405+2025081001,2026-08-23..2026-08-30,1,1,46,46.0000,aggregate_row
2025081405+2025081001,2026-08-30..2026-09-06,1,1,9,9.0000,aggregate_row
2025081405+2025081001,2026-09-06..2026-09-13,1,1,7,7.0000,aggregate_row
2025081801,2026-08-09..2026-08-16,1,1,2092,2166.0000,aggregate_row
2025081801,2026-08-16..2026-08-23,1,1,1220,1269.0000,aggregate_row
2025081801,2026-08-23..2026-08-30,1,1,445,468.0000,aggregate_row
2025081801,2026-08-30..2026-09-06,1,1,270,284.0000,aggregate_row
2025081801,2026-09-06..2026-09-13,1,1,1423,1479.0000,aggregate_row
2025081801*2,2026-08-09..2026-08-16,1,1,160,160.0000,aggregate_row
2025081801*2,2026-08-16..2026-08-23,1,1,108,110.0000,aggregate_row
2025081801*2,2026-08-23..2026-08-30,1,1,86,87.0000,aggregate_row
2025081801*2,2026-08-30..2026-09-06,1,1,137,140.0000,aggregate_row
2025081801*2,2026-09-06..2026-09-13,1,1,139,144.0000,aggregate_row
2025081801*3,2026-08-09..2026-08-16,1,1,2005,2038.0000,aggregate_row
2025081801*3,2026-08-16..2026-08-23,1,1,1245,1268.0000,aggregate_row
2025081801*3,2026-08-23..2026-08-30,1,1,859,885.0000,aggregate_row
2025081801*3,2026-08-30..2026-09-06,1,1,509,530.0000,aggregate_row
2025081801*3,2026-09-06..2026-09-13,1,1,943,962.0000,aggregate_row
2025082701,2026-08-09..2026-08-16,1,1,2,2.0000,aggregate_row
2025082701,2026-08-16..2026-08-23,1,1,33,34.0000,aggregate_row
2025082701,2026-08-23..2026-08-30,1,1,63,65.0000,aggregate_row
2025082701,2026-08-30..2026-09-06,1,1,92,93.0000,aggregate_row
2025082701,2026-09-06..2026-09-13,1,1,77,80.0000,aggregate_row
2025082702,2026-08-09..2026-08-16,1,1,10,10.0000,aggregate_row
2025082702,2026-08-16..2026-08-23,1,1,34,35.0000,aggregate_row
2025082702,2026-08-23..2026-08-30,1,1,59,59.0000,aggregate_row
2025082702,2026-08-30..2026-09-06,1,1,86,87.0000,aggregate_row
2025082702,2026-09-06..2026-09-13,1,1,82,83.0000,aggregate_row
2025090102*10,2026-08-09..2026-08-16,1,1,4494,4584.0000,aggregate_row
2025090102*10,2026-08-16..2026-08-23,1,1,4526,4587.0000,aggregate_row
2025090102*10,2026-08-23..2026-08-30,1,1,6635,6718.0000,aggregate_row
2025090102*10,2026-08-30..2026-09-06,1,1,3313,3397.0000,aggregate_row
2025090102*10,2026-09-06..2026-09-13,1,1,2816,2878.0000,aggregate_row
2025090102*12,2026-08-09..2026-08-16,1,1,73,75.0000,aggregate_row
2025090102*12,2026-08-16..2026-08-23,1,1,119,124.0000,aggregate_row
2025090102*12,2026-08-23..2026-08-30,1,1,134,136.0000,aggregate_row
2025090102*12,2026-08-30..2026-09-06,1,1,172,175.0000,aggregate_row
2025090102*12,2026-09-06..2026-09-13,1,1,135,137.0000,aggregate_row
2025090102*20,2026-08-09..2026-08-16,1,1,2428,2530.0000,aggregate_row
2025090102*20,2026-08-16..2026-08-23,1,1,2295,2412.0000,aggregate_row
2025090102*20,2026-08-23..2026-08-30,1,1,2445,2545.0000,aggregate_row
2025090102*20,2026-08-30..2026-09-06,1,1,1778,1872.0000,aggregate_row
2025090102*20,2026-09-06..2026-09-13,1,1,1646,1736.0000,aggregate_row
2025090102*30,2026-08-09..2026-08-16,1,1,109,114.0000,aggregate_row
2025090102*30,2026-08-16..2026-08-23,1,1,79,82.0000,aggregate_row
2025090102*30,2026-08-23..2026-08-30,1,1,93,94.0000,aggregate_row
2025090102*30,2026-08-30..2026-09-06,1,1,98,102.0000,aggregate_row
2025090102*30,2026-09-06..2026-09-13,1,1,68,68.0000,aggregate_row
2025090102*5,2026-08-09..2026-08-16,1,1,408,417.0000,aggregate_row
2025090102*5,2026-08-16..2026-08-23,1,1,409,414.0000,aggregate_row
2025090102*5,2026-08-23..2026-08-30,1,1,452,461.0000,aggregate_row
2025090102*5,2026-08-30..2026-09-06,1,1,335,336.0000,aggregate_row
2025090102*5,2026-09-06..2026-09-13,1,1,320,331.0000,aggregate_row
2025090102*6,2026-08-09..2026-08-16,1,1,3,3.0000,aggregate_row
2025090102*6,2026-08-16..2026-08-23,1,1,4,4.0000,aggregate_row
2025090102*6,2026-08-23..2026-08-30,1,0,,,verified_zero
2025090102*6,2026-08-30..2026-09-06,1,1,2,2.0000,aggregate_row
2025090102*6,2026-09-06..2026-09-13,1,1,1,1.0000,aggregate_row
2025092001,2026-08-09..2026-08-16,1,1,144,152.0000,aggregate_row
2025092001,2026-08-16..2026-08-23,1,1,133,137.0000,aggregate_row
2025092001,2026-08-23..2026-08-30,1,1,155,158.0000,aggregate_row
2025092001,2026-08-30..2026-09-06,1,1,147,148.0000,aggregate_row
2025092001,2026-09-06..2026-09-13,1,1,176,176.0000,aggregate_row
2025092002,2026-08-09..2026-08-16,1,1,324,334.0000,aggregate_row
2025092002,2026-08-16..2026-08-23,1,1,286,304.0000,aggregate_row
2025092002,2026-08-23..2026-08-30,1,1,295,297.0000,aggregate_row
2025092002,2026-08-30..2026-09-06,1,1,243,248.0000,aggregate_row
2025092002,2026-09-06..2026-09-13,1,1,238,243.0000,aggregate_row
2025092003,2026-08-09..2026-08-16,1,1,220,221.0000,aggregate_row
2025092003,2026-08-16..2026-08-23,1,1,200,208.0000,aggregate_row
2025092003,2026-08-23..2026-08-30,1,1,207,214.0000,aggregate_row
2025092003,2026-08-30..2026-09-06,1,1,151,154.0000,aggregate_row
2025092003,2026-09-06..2026-09-13,1,1,180,181.0000,aggregate_row
2025092004,2026-08-09..2026-08-16,1,1,65,69.0000,aggregate_row
2025092004,2026-08-16..2026-08-23,1,1,55,58.0000,aggregate_row
2025092004,2026-08-23..2026-08-30,1,1,75,82.0000,aggregate_row
2025092004,2026-08-30..2026-09-06,1,1,60,68.0000,aggregate_row
2025092004,2026-09-06..2026-09-13,1,1,53,57.0000,aggregate_row
2025101709,2026-08-09..2026-08-16,1,1,5,5.0000,aggregate_row
2025101709,2026-08-16..2026-08-23,1,1,4,4.0000,aggregate_row
2025101709,2026-08-23..2026-08-30,1,1,6,6.0000,aggregate_row
2025101709,2026-08-30..2026-09-06,1,1,10,10.0000,aggregate_row
2025101709,2026-09-06..2026-09-13,1,1,10,10.0000,aggregate_row
2025101712,2026-08-09..2026-08-16,1,1,13,13.0000,aggregate_row
2025101712,2026-08-16..2026-08-23,1,1,6,6.0000,aggregate_row
2025101712,2026-08-23..2026-08-30,1,1,13,13.0000,aggregate_row
2025101712,2026-08-30..2026-09-06,1,1,10,10.0000,aggregate_row
2025101712,2026-09-06..2026-09-13,1,1,9,9.0000,aggregate_row
2025102302,2026-08-09..2026-08-16,1,1,2,2.0000,aggregate_row
2025102302,2026-08-16..2026-08-23,1,1,3,3.0000,aggregate_row
2025102302,2026-08-23..2026-08-30,1,1,4,4.0000,aggregate_row
2025102302,2026-08-30..2026-09-06,1,1,8,8.0000,aggregate_row
2025102302,2026-09-06..2026-09-13,1,1,5,5.0000,aggregate_row
2025102303,2026-08-09..2026-08-16,1,1,2,2.0000,aggregate_row
2025102303,2026-08-16..2026-08-23,1,0,,,verified_zero
2025102303,2026-08-23..2026-08-30,1,1,2,2.0000,aggregate_row
2025102303,2026-08-30..2026-09-06,1,1,1,1.0000,aggregate_row
2025102303,2026-09-06..2026-09-13,1,0,,,verified_zero
2025102606,2026-08-09..2026-08-16,1,0,,,verified_zero
2025102606,2026-08-16..2026-08-23,1,0,,,verified_zero
2025102606,2026-08-23..2026-08-30,1,0,,,verified_zero
2025102606,2026-08-30..2026-09-06,1,1,1,1.0000,aggregate_row
2025102606,2026-09-06..2026-09-13,1,0,,,verified_zero
2025102609,2026-08-09..2026-08-16,1,1,1,1.0000,aggregate_row
2025102609,2026-08-16..2026-08-23,1,0,,,verified_zero
2025102609,2026-08-23..2026-08-30,1,1,2,2.0000,aggregate_row
2025102609,2026-08-30..2026-09-06,1,0,,,verified_zero
2025102609,2026-09-06..2026-09-13,1,1,1,1.0000,aggregate_row
2025102615,2026-08-09..2026-08-16,1,1,12,12.0000,aggregate_row
2025102615,2026-08-16..2026-08-23,1,1,10,13.0000,aggregate_row
2025102615,2026-08-23..2026-08-30,1,1,21,22.0000,aggregate_row
2025102615,2026-08-30..2026-09-06,1,1,16,16.0000,aggregate_row
2025102615,2026-09-06..2026-09-13,1,1,21,23.0000,aggregate_row
2025102616,2026-08-09..2026-08-16,1,1,26,27.0000,aggregate_row
2025102616,2026-08-16..2026-08-23,1,1,24,26.0000,aggregate_row
2025102616,2026-08-23..2026-08-30,1,1,30,30.0000,aggregate_row
2025102616,2026-08-30..2026-09-06,1,1,34,34.0000,aggregate_row
2025102616,2026-09-06..2026-09-13,1,1,32,34.0000,aggregate_row
2025102901*10,2026-08-09..2026-08-16,1,1,75,84.0000,aggregate_row
2025102901*10,2026-08-16..2026-08-23,1,1,74,81.0000,aggregate_row
2025102901*10,2026-08-23..2026-08-30,1,1,115,128.0000,aggregate_row
2025102901*10,2026-08-30..2026-09-06,1,1,85,99.0000,aggregate_row
2025102901*10,2026-09-06..2026-09-13,1,1,83,94.0000,aggregate_row
2025102901*2,2026-08-09..2026-08-16,1,0,,,verified_zero
2025102901*2,2026-08-16..2026-08-23,1,1,1,1.0000,aggregate_row
2025102901*2,2026-08-23..2026-08-30,1,0,,,verified_zero
2025102901*2,2026-08-30..2026-09-06,1,0,,,verified_zero
2025102901*2,2026-09-06..2026-09-13,1,0,,,verified_zero
2025102901*8,2026-08-09..2026-08-16,1,1,187,207.0000,aggregate_row
2025102901*8,2026-08-16..2026-08-23,1,1,194,204.0000,aggregate_row
2025102901*8,2026-08-23..2026-08-30,1,1,229,248.0000,aggregate_row
2025102901*8,2026-08-30..2026-09-06,1,1,146,162.0000,aggregate_row
2025102901*8,2026-09-06..2026-09-13,1,1,133,146.0000,aggregate_row
2025103005,2026-08-09..2026-08-16,1,1,46,47.0000,aggregate_row
2025103005,2026-08-16..2026-08-23,1,1,35,36.0000,aggregate_row
2025103005,2026-08-23..2026-08-30,1,1,37,37.0000,aggregate_row
2025103005,2026-08-30..2026-09-06,1,1,43,44.0000,aggregate_row
2025103005,2026-09-06..2026-09-13,1,1,25,25.0000,aggregate_row
2025103006,2026-08-09..2026-08-16,1,1,43,43.0000,aggregate_row
2025103006,2026-08-16..2026-08-23,1,1,31,32.0000,aggregate_row
2025103006,2026-08-23..2026-08-30,1,1,45,46.0000,aggregate_row
2025103006,2026-08-30..2026-09-06,1,1,31,31.0000,aggregate_row
2025103006,2026-09-06..2026-09-13,1,1,26,26.0000,aggregate_row
2025103007,2026-08-09..2026-08-16,1,1,15,15.0000,aggregate_row
2025103007,2026-08-16..2026-08-23,1,1,11,11.0000,aggregate_row
2025103007,2026-08-23..2026-08-30,1,1,8,8.0000,aggregate_row
2025103007,2026-08-30..2026-09-06,1,1,10,10.0000,aggregate_row
2025103007,2026-09-06..2026-09-13,1,1,7,7.0000,aggregate_row
2025103012,2026-08-09..2026-08-16,1,1,500,507.0000,aggregate_row
2025103012,2026-08-16..2026-08-23,1,1,1298,1312.0000,aggregate_row
2025103012,2026-08-23..2026-08-30,1,1,273,285.0000,aggregate_row
2025103012,2026-08-30..2026-09-06,1,1,565,581.0000,aggregate_row
2025103012,2026-09-06..2026-09-13,1,1,500,508.0000,aggregate_row
2025103012*3,2026-08-09..2026-08-16,1,1,1675,1679.0000,aggregate_row
2025103012*3,2026-08-16..2026-08-23,1,1,2450,2453.0000,aggregate_row
2025103012*3,2026-08-23..2026-08-30,1,1,750,752.0000,aggregate_row
2025103012*3,2026-08-30..2026-09-06,1,1,1135,1138.0000,aggregate_row
2025103012*3,2026-09-06..2026-09-13,1,1,1072,1072.0000,aggregate_row
2025103012*5,2026-08-09..2026-08-16,1,1,268,268.0000,aggregate_row
2025103012*5,2026-08-16..2026-08-23,1,1,442,443.0000,aggregate_row
2025103012*5,2026-08-23..2026-08-30,1,1,145,145.0000,aggregate_row
2025103012*5,2026-08-30..2026-09-06,1,1,197,198.0000,aggregate_row
2025103012*5,2026-09-06..2026-09-13,1,1,204,205.0000,aggregate_row
2025103012*7,2026-08-09..2026-08-16,1,1,129,132.0000,aggregate_row
2025103012*7,2026-08-16..2026-08-23,1,1,252,255.0000,aggregate_row
2025103012*7,2026-08-23..2026-08-30,1,1,85,88.0000,aggregate_row
2025103012*7,2026-08-30..2026-09-06,1,1,126,130.0000,aggregate_row
2025103012*7,2026-09-06..2026-09-13,1,1,118,121.0000,aggregate_row
2025111102,2026-08-09..2026-08-16,1,1,19,36.0000,aggregate_row
2025111102,2026-08-16..2026-08-23,1,1,17,19.0000,aggregate_row
2025111102,2026-08-23..2026-08-30,1,1,20,22.0000,aggregate_row
2025111102,2026-08-30..2026-09-06,1,1,45,46.0000,aggregate_row
2025111102,2026-09-06..2026-09-13,1,1,46,49.0000,aggregate_row
2025111908,2026-08-09..2026-08-16,1,0,,,verified_zero
2025111908,2026-08-16..2026-08-23,1,1,1,1.0000,aggregate_row
2025111908,2026-08-23..2026-08-30,1,1,2,2.0000,aggregate_row
2025111908,2026-08-30..2026-09-06,1,1,2,2.0000,aggregate_row
2025111908,2026-09-06..2026-09-13,1,1,2,2.0000,aggregate_row
2025112001*10,2026-08-09..2026-08-16,1,1,33,35.0000,aggregate_row
2025112001*10,2026-08-16..2026-08-23,1,1,33,35.0000,aggregate_row
2025112001*10,2026-08-23..2026-08-30,1,1,52,54.0000,aggregate_row
2025112001*10,2026-08-30..2026-09-06,1,1,46,47.0000,aggregate_row
2025112001*10,2026-09-06..2026-09-13,1,1,40,40.0000,aggregate_row
2025112001*2,2026-08-09..2026-08-16,1,1,113,113.0000,aggregate_row
2025112001*2,2026-08-16..2026-08-23,1,1,116,119.0000,aggregate_row
2025112001*2,2026-08-23..2026-08-30,1,1,100,101.0000,aggregate_row
2025112001*2,2026-08-30..2026-09-06,1,1,118,119.0000,aggregate_row
2025112001*2,2026-09-06..2026-09-13,1,1,147,148.0000,aggregate_row
2025112001*20,2026-08-09..2026-08-16,1,1,22,46.0000,aggregate_row
2025112001*20,2026-08-16..2026-08-23,1,1,21,66.0000,aggregate_row
2025112001*20,2026-08-23..2026-08-30,1,1,15,24.0000,aggregate_row
2025112001*20,2026-08-30..2026-09-06,1,1,15,26.0000,aggregate_row
2025112001*20,2026-09-06..2026-09-13,1,1,24,42.0000,aggregate_row
2025112001*3+0100118,2026-08-09..2026-08-16,1,1,168,173.0000,aggregate_row
2025112001*3+0100118,2026-08-16..2026-08-23,1,1,131,140.0000,aggregate_row
2025112001*3+0100118,2026-08-23..2026-08-30,1,1,150,150.0000,aggregate_row
2025112001*3+0100118,2026-08-30..2026-09-06,1,1,140,142.0000,aggregate_row
2025112001*3+0100118,2026-09-06..2026-09-13,1,1,200,201.0000,aggregate_row
2025112001*5,2026-08-09..2026-08-16,1,1,702,725.0000,aggregate_row
2025112001*5,2026-08-16..2026-08-23,1,1,667,702.0000,aggregate_row
2025112001*5,2026-08-23..2026-08-30,1,1,1499,1546.0000,aggregate_row
2025112001*5,2026-08-30..2026-09-06,1,1,907,937.0000,aggregate_row
2025112001*5,2026-09-06..2026-09-13,1,1,824,855.0000,aggregate_row
2025112001*5+0100118,2026-08-09..2026-08-16,1,1,15,15.0000,aggregate_row
2025112001*5+0100118,2026-08-16..2026-08-23,1,1,13,14.0000,aggregate_row
2025112001*5+0100118,2026-08-23..2026-08-30,1,1,29,30.0000,aggregate_row
2025112001*5+0100118,2026-08-30..2026-09-06,1,1,12,13.0000,aggregate_row
2025112001*5+0100118,2026-09-06..2026-09-13,1,1,23,23.0000,aggregate_row
2025112617,2026-08-09..2026-08-16,1,0,,,verified_zero
2025112617,2026-08-16..2026-08-23,1,1,2,2.0000,aggregate_row
2025112617,2026-08-23..2026-08-30,1,1,2,2.0000,aggregate_row
2025112617,2026-08-30..2026-09-06,1,1,2,2.0000,aggregate_row
2025112617,2026-09-06..2026-09-13,1,1,4,4.0000,aggregate_row
2025112801,2026-08-09..2026-08-16,1,1,3,3.0000,aggregate_row
2025112801,2026-08-16..2026-08-23,1,1,6,10.0000,aggregate_row
2025112801,2026-08-23..2026-08-30,1,1,1,1.0000,aggregate_row
2025112801,2026-08-30..2026-09-06,1,1,6,6.0000,aggregate_row
2025112801,2026-09-06..2026-09-13,1,1,3,3.0000,aggregate_row
2025112801*10,2026-08-09..2026-08-16,1,1,2,2.0000,aggregate_row
2025112801*10,2026-08-16..2026-08-23,1,1,1,2.0000,aggregate_row
2025112801*10,2026-08-23..2026-08-30,1,0,,,verified_zero
2025112801*10,2026-08-30..2026-09-06,1,1,2,4.0000,aggregate_row
2025112801*10,2026-09-06..2026-09-13,1,1,1,1.0000,aggregate_row
2025112802,2026-08-09..2026-08-16,1,1,7,7.0000,aggregate_row
2025112802,2026-08-16..2026-08-23,1,1,7,7.0000,aggregate_row
2025112802,2026-08-23..2026-08-30,1,1,8,8.0000,aggregate_row
2025112802,2026-08-30..2026-09-06,1,1,12,13.0000,aggregate_row
2025112802,2026-09-06..2026-09-13,1,1,16,16.0000,aggregate_row
2025112803,2026-08-09..2026-08-16,1,1,3,3.0000,aggregate_row
2025112803,2026-08-16..2026-08-23,1,1,2,2.0000,aggregate_row
2025112803,2026-08-23..2026-08-30,1,1,1,2.0000,aggregate_row
2025112803,2026-08-30..2026-09-06,1,1,4,10.0000,aggregate_row
2025112803,2026-09-06..2026-09-13,1,1,8,8.0000,aggregate_row
2025112804,2026-08-09..2026-08-16,1,1,3,4.0000,aggregate_row
2025112804,2026-08-16..2026-08-23,1,1,2,2.0000,aggregate_row
2025112804,2026-08-23..2026-08-30,1,1,1,1.0000,aggregate_row
2025112804,2026-08-30..2026-09-06,1,1,2,2.0000,aggregate_row
2025112804,2026-09-06..2026-09-13,1,1,4,4.0000,aggregate_row
2025112805,2026-08-09..2026-08-16,1,1,24,24.0000,aggregate_row
2025112805,2026-08-16..2026-08-23,1,1,5,5.0000,aggregate_row
2025112805,2026-08-23..2026-08-30,1,1,7,9.0000,aggregate_row
2025112805,2026-08-30..2026-09-06,1,1,9,9.0000,aggregate_row
2025112805,2026-09-06..2026-09-13,1,1,12,12.0000,aggregate_row
2025112805*2,2026-08-09..2026-08-16,1,1,1,2.0000,aggregate_row
2025112805*2,2026-08-16..2026-08-23,1,1,4,6.0000,aggregate_row
2025112805*2,2026-08-23..2026-08-30,1,1,1,1.0000,aggregate_row
2025112805*2,2026-08-30..2026-09-06,1,0,,,verified_zero
2025112805*2,2026-09-06..2026-09-13,1,0,,,verified_zero
2025112805+2025112803,2026-08-09..2026-08-16,1,0,,,verified_zero
2025112805+2025112803,2026-08-16..2026-08-23,1,1,1,1.0000,aggregate_row
2025112805+2025112803,2026-08-23..2026-08-30,1,0,,,verified_zero
2025112805+2025112803,2026-08-30..2026-09-06,1,0,,,verified_zero
2025112805+2025112803,2026-09-06..2026-09-13,1,0,,,verified_zero
2025120205,2026-08-09..2026-08-16,1,1,38,38.0000,aggregate_row
2025120205,2026-08-16..2026-08-23,1,1,43,43.0000,aggregate_row
2025120205,2026-08-23..2026-08-30,1,1,55,56.0000,aggregate_row
2025120205,2026-08-30..2026-09-06,1,1,44,47.0000,aggregate_row
2025120205,2026-09-06..2026-09-13,1,1,35,35.0000,aggregate_row
2025120215,2026-08-09..2026-08-16,1,1,14,15.0000,aggregate_row
2025120215,2026-08-16..2026-08-23,1,1,2,2.0000,aggregate_row
2025120215,2026-08-23..2026-08-30,1,1,3,3.0000,aggregate_row
2025120215,2026-08-30..2026-09-06,1,1,5,5.0000,aggregate_row
2025120215,2026-09-06..2026-09-13,1,1,4,4.0000,aggregate_row
2025120219,2026-08-09..2026-08-16,1,0,,,verified_zero
2025120219,2026-08-16..2026-08-23,1,0,,,verified_zero
2025120219,2026-08-23..2026-08-30,1,0,,,verified_zero
2025120219,2026-08-30..2026-09-06,1,1,1,1.0000,aggregate_row
2025120219,2026-09-06..2026-09-13,1,1,1,1.0000,aggregate_row
2026011605,2026-08-09..2026-08-16,1,1,2,2.0000,aggregate_row
2026011605,2026-08-16..2026-08-23,1,0,,,verified_zero
2026011605,2026-08-23..2026-08-30,1,1,1,1.0000,aggregate_row
2026011605,2026-08-30..2026-09-06,1,0,,,verified_zero
2026011605,2026-09-06..2026-09-13,1,0,,,verified_zero
2026013003*5,2026-08-09..2026-08-16,1,1,26,26.0000,aggregate_row
2026013003*5,2026-08-16..2026-08-23,1,1,27,28.0000,aggregate_row
2026013003*5,2026-08-23..2026-08-30,1,1,31,32.0000,aggregate_row
2026013003*5,2026-08-30..2026-09-06,1,1,43,44.0000,aggregate_row
2026013003*5,2026-09-06..2026-09-13,1,1,31,39.0000,aggregate_row
2026020202,2026-08-09..2026-08-16,1,1,2846,2847.0000,aggregate_row
2026020202,2026-08-16..2026-08-23,1,1,2793,2796.0000,aggregate_row
2026020202,2026-08-23..2026-08-30,1,1,1592,1592.0000,aggregate_row
2026020202,2026-08-30..2026-09-06,1,1,1484,1488.0000,aggregate_row
2026020202,2026-09-06..2026-09-13,1,1,995,997.0000,aggregate_row
2026020203,2026-08-09..2026-08-16,1,1,642,642.0000,aggregate_row
2026020203,2026-08-16..2026-08-23,1,1,628,628.0000,aggregate_row
2026020203,2026-08-23..2026-08-30,1,1,373,373.0000,aggregate_row
2026020203,2026-08-30..2026-09-06,1,1,348,348.0000,aggregate_row
2026020203,2026-09-06..2026-09-13,1,1,240,241.0000,aggregate_row
2026020204,2026-08-09..2026-08-16,1,1,259,264.0000,aggregate_row
2026020204,2026-08-16..2026-08-23,1,1,256,264.0000,aggregate_row
2026020204,2026-08-23..2026-08-30,1,1,146,149.0000,aggregate_row
2026020204,2026-08-30..2026-09-06,1,1,132,137.0000,aggregate_row
2026020204,2026-09-06..2026-09-13,1,1,119,122.0000,aggregate_row
2026022601*10,2026-08-09..2026-08-16,1,1,190,196.0000,aggregate_row
2026022601*10,2026-08-16..2026-08-23,1,1,124,128.0000,aggregate_row
2026022601*10,2026-08-23..2026-08-30,1,1,134,134.0000,aggregate_row
2026022601*10,2026-08-30..2026-09-06,1,1,139,139.0000,aggregate_row
2026022601*10,2026-09-06..2026-09-13,1,1,211,228.0000,aggregate_row
2026022601*3,2026-08-09..2026-08-16,1,1,309,317.0000,aggregate_row
2026022601*3,2026-08-16..2026-08-23,1,1,266,277.0000,aggregate_row
2026022601*3,2026-08-23..2026-08-30,1,1,225,243.0000,aggregate_row
2026022601*3,2026-08-30..2026-09-06,1,1,243,257.0000,aggregate_row
2026022601*3,2026-09-06..2026-09-13,1,1,251,264.0000,aggregate_row
2026022601*5,2026-08-09..2026-08-16,1,1,131,133.0000,aggregate_row
2026022601*5,2026-08-16..2026-08-23,1,1,119,122.0000,aggregate_row
2026022601*5,2026-08-23..2026-08-30,1,1,111,117.0000,aggregate_row
2026022601*5,2026-08-30..2026-09-06,1,1,154,156.0000,aggregate_row
2026022601*5,2026-09-06..2026-09-13,1,1,174,177.0000,aggregate_row
2026022608*5,2026-08-09..2026-08-16,1,1,31,31.0000,aggregate_row
2026022608*5,2026-08-16..2026-08-23,1,1,29,33.0000,aggregate_row
2026022608*5,2026-08-23..2026-08-30,1,1,27,27.0000,aggregate_row
2026022608*5,2026-08-30..2026-09-06,1,1,32,33.0000,aggregate_row
2026022608*5,2026-09-06..2026-09-13,1,1,44,48.0000,aggregate_row
2026030201*10,2026-08-09..2026-08-16,1,1,2773,2789.0000,aggregate_row
2026030201*10,2026-08-16..2026-08-23,1,1,4446,4459.0000,aggregate_row
2026030201*10,2026-08-23..2026-08-30,1,1,4703,4718.0000,aggregate_row
2026030201*10,2026-08-30..2026-09-06,1,1,3260,3266.0000,aggregate_row
2026030201*10,2026-09-06..2026-09-13,1,1,3028,3045.0000,aggregate_row
2026030201*2,2026-08-09..2026-08-16,1,1,3,3.0000,aggregate_row
2026030201*2,2026-08-16..2026-08-23,1,1,4,4.0000,aggregate_row
2026030201*2,2026-08-23..2026-08-30,1,1,4,4.0000,aggregate_row
2026030201*2,2026-08-30..2026-09-06,1,1,6,6.0000,aggregate_row
2026030201*2,2026-09-06..2026-09-13,1,1,4,4.0000,aggregate_row
2026030201*20,2026-08-09..2026-08-16,1,1,254,258.0000,aggregate_row
2026030201*20,2026-08-16..2026-08-23,1,1,338,383.0000,aggregate_row
2026030201*20,2026-08-23..2026-08-30,1,1,395,416.0000,aggregate_row
2026030201*20,2026-08-30..2026-09-06,1,1,339,361.0000,aggregate_row
2026030201*20,2026-09-06..2026-09-13,1,1,358,370.0000,aggregate_row
2026030202,2026-08-09..2026-08-16,1,1,7,7.0000,aggregate_row
2026030202,2026-08-16..2026-08-23,1,1,9,9.0000,aggregate_row
2026030202,2026-08-23..2026-08-30,1,1,8,8.0000,aggregate_row
2026030202,2026-08-30..2026-09-06,1,1,7,7.0000,aggregate_row
2026030202,2026-09-06..2026-09-13,1,1,5,5.0000,aggregate_row
2026030202*7,2026-08-09..2026-08-16,1,1,1,2.0000,aggregate_row
2026030202*7,2026-08-16..2026-08-23,1,0,,,verified_zero
2026030202*7,2026-08-23..2026-08-30,1,1,3,3.0000,aggregate_row
2026030202*7,2026-08-30..2026-09-06,1,1,2,2.0000,aggregate_row
2026030202*7,2026-09-06..2026-09-13,1,0,,,verified_zero
2026030204,2026-08-09..2026-08-16,1,1,26,26.0000,aggregate_row
2026030204,2026-08-16..2026-08-23,1,1,26,27.0000,aggregate_row
2026030204,2026-08-23..2026-08-30,1,1,31,31.0000,aggregate_row
2026030204,2026-08-30..2026-09-06,1,1,30,30.0000,aggregate_row
2026030204,2026-09-06..2026-09-13,1,1,19,20.0000,aggregate_row
2026030205,2026-08-09..2026-08-16,1,1,17,17.0000,aggregate_row
2026030205,2026-08-16..2026-08-23,1,1,26,26.0000,aggregate_row
2026030205,2026-08-23..2026-08-30,1,1,21,21.0000,aggregate_row
2026030205,2026-08-30..2026-09-06,1,1,29,29.0000,aggregate_row
2026030205,2026-09-06..2026-09-13,1,1,16,16.0000,aggregate_row
2026030216,2026-08-09..2026-08-16,1,1,13,14.0000,aggregate_row
2026030216,2026-08-16..2026-08-23,1,1,26,26.0000,aggregate_row
2026030216,2026-08-23..2026-08-30,1,1,17,18.0000,aggregate_row
2026030216,2026-08-30..2026-09-06,1,1,8,8.0000,aggregate_row
2026030216,2026-09-06..2026-09-13,1,1,11,11.0000,aggregate_row
2026030703,2026-08-09..2026-08-16,1,0,,,verified_zero
2026030703,2026-08-16..2026-08-23,1,0,,,verified_zero
2026030703,2026-08-23..2026-08-30,1,1,1,1.0000,aggregate_row
2026030703,2026-08-30..2026-09-06,1,1,2,2.0000,aggregate_row
2026030703,2026-09-06..2026-09-13,1,0,,,verified_zero
2026031314,2026-08-09..2026-08-16,1,1,2,2.0000,aggregate_row
2026031314,2026-08-16..2026-08-23,1,1,2,3.0000,aggregate_row
2026031314,2026-08-23..2026-08-30,1,1,3,3.0000,aggregate_row
2026031314,2026-08-30..2026-09-06,1,1,8,8.0000,aggregate_row
2026031314,2026-09-06..2026-09-13,1,1,10,10.0000,aggregate_row
2026032308*4+2026032811*3,2026-08-09..2026-08-16,1,0,,,verified_zero
2026032308*4+2026032811*3,2026-08-16..2026-08-23,1,0,,,verified_zero
2026032308*4+2026032811*3,2026-08-23..2026-08-30,1,0,,,verified_zero
2026032308*4+2026032811*3,2026-08-30..2026-09-06,1,0,,,verified_zero
2026032308*4+2026032811*3,2026-09-06..2026-09-13,1,0,,,verified_zero
2026032308*7,2026-08-09..2026-08-16,1,0,,,verified_zero
2026032308*7,2026-08-16..2026-08-23,1,0,,,verified_zero
2026032308*7,2026-08-23..2026-08-30,1,0,,,verified_zero
2026032308*7,2026-08-30..2026-09-06,1,0,,,verified_zero
2026032308*7,2026-09-06..2026-09-13,1,0,,,verified_zero
2026032308*7+2026060401,2026-08-09..2026-08-16,1,1,5,5.0000,aggregate_row
2026032308*7+2026060401,2026-08-16..2026-08-23,1,1,3,3.0000,aggregate_row
2026032308*7+2026060401,2026-08-23..2026-08-30,1,1,2,2.0000,aggregate_row
2026032308*7+2026060401,2026-08-30..2026-09-06,1,1,4,4.0000,aggregate_row
2026032308*7+2026060401,2026-09-06..2026-09-13,1,1,2,2.0000,aggregate_row
2026032312,2026-08-09..2026-08-16,1,1,37,37.0000,aggregate_row
2026032312,2026-08-16..2026-08-23,1,1,40,40.0000,aggregate_row
2026032312,2026-08-23..2026-08-30,1,1,21,21.0000,aggregate_row
2026032312,2026-08-30..2026-09-06,1,1,19,19.0000,aggregate_row
2026032312,2026-09-06..2026-09-13,1,1,33,33.0000,aggregate_row
2026032313,2026-08-09..2026-08-16,1,1,59,60.0000,aggregate_row
2026032313,2026-08-16..2026-08-23,1,1,60,61.0000,aggregate_row
2026032313,2026-08-23..2026-08-30,1,1,29,29.0000,aggregate_row
2026032313,2026-08-30..2026-09-06,1,1,31,34.0000,aggregate_row
2026032313,2026-09-06..2026-09-13,1,1,29,29.0000,aggregate_row
2026032525,2026-08-09..2026-08-16,1,1,21,21.0000,aggregate_row
2026032525,2026-08-16..2026-08-23,1,1,24,24.0000,aggregate_row
2026032525,2026-08-23..2026-08-30,1,1,16,16.0000,aggregate_row
2026032525,2026-08-30..2026-09-06,1,1,30,30.0000,aggregate_row
2026032525,2026-09-06..2026-09-13,1,1,30,30.0000,aggregate_row
2026032526,2026-08-09..2026-08-16,1,0,,,verified_zero
2026032526,2026-08-16..2026-08-23,1,0,,,verified_zero
2026032526,2026-08-23..2026-08-30,1,1,3,3.0000,aggregate_row
2026032526,2026-08-30..2026-09-06,1,0,,,verified_zero
2026032526,2026-09-06..2026-09-13,1,1,3,3.0000,aggregate_row
2026032527,2026-08-09..2026-08-16,1,1,5,5.0000,aggregate_row
2026032527,2026-08-16..2026-08-23,1,1,10,11.0000,aggregate_row
2026032527,2026-08-23..2026-08-30,1,1,6,6.0000,aggregate_row
2026032527,2026-08-30..2026-09-06,1,1,14,16.0000,aggregate_row
2026032527,2026-09-06..2026-09-13,1,1,9,9.0000,aggregate_row
2026032811*2+2026032812*2+2026030201*4,2026-08-09..2026-08-16,1,1,2,2.0000,aggregate_row
2026032811*2+2026032812*2+2026030201*4,2026-08-16..2026-08-23,1,1,3,3.0000,aggregate_row
2026032811*2+2026032812*2+2026030201*4,2026-08-23..2026-08-30,1,1,2,2.0000,aggregate_row
2026032811*2+2026032812*2+2026030201*4,2026-08-30..2026-09-06,1,1,3,3.0000,aggregate_row
2026032811*2+2026032812*2+2026030201*4,2026-09-06..2026-09-13,1,0,,,verified_zero
2026032811*7,2026-08-09..2026-08-16,1,1,103,105.0000,aggregate_row
2026032811*7,2026-08-16..2026-08-23,1,1,65,66.0000,aggregate_row
2026032811*7,2026-08-23..2026-08-30,1,1,31,40.0000,aggregate_row
2026032811*7,2026-08-30..2026-09-06,1,1,32,39.0000,aggregate_row
2026032811*7,2026-09-06..2026-09-13,1,1,16,16.0000,aggregate_row
2026032812*10,2026-08-09..2026-08-16,1,1,7,16.0000,aggregate_row
2026032812*10,2026-08-16..2026-08-23,1,1,2,2.0000,aggregate_row
2026032812*10,2026-08-23..2026-08-30,1,1,2,2.0000,aggregate_row
2026032812*10,2026-08-30..2026-09-06,1,0,,,verified_zero
2026032812*10,2026-09-06..2026-09-13,1,1,1,1.0000,aggregate_row
2026032812*10+2026052801*10,2026-08-09..2026-08-16,1,1,15,15.0000,aggregate_row
2026032812*10+2026052801*10,2026-08-16..2026-08-23,1,1,16,17.0000,aggregate_row
2026032812*10+2026052801*10,2026-08-23..2026-08-30,1,1,5,17.0000,aggregate_row
2026032812*10+2026052801*10,2026-08-30..2026-09-06,1,1,3,3.0000,aggregate_row
2026032812*10+2026052801*10,2026-09-06..2026-09-13,1,1,5,5.0000,aggregate_row
2026032812*2,2026-08-09..2026-08-16,1,1,1,1.0000,aggregate_row
2026032812*2,2026-08-16..2026-08-23,1,0,,,verified_zero
2026032812*2,2026-08-23..2026-08-30,1,0,,,verified_zero
2026032812*2,2026-08-30..2026-09-06,1,1,1,1.0000,aggregate_row
2026032812*2,2026-09-06..2026-09-13,1,1,2,2.0000,aggregate_row
2026032812*3,2026-08-09..2026-08-16,1,1,7,7.0000,aggregate_row
2026032812*3,2026-08-16..2026-08-23,1,1,1,1.0000,aggregate_row
2026032812*3,2026-08-23..2026-08-30,1,1,4,4.0000,aggregate_row
2026032812*3,2026-08-30..2026-09-06,1,0,,,verified_zero
2026032812*3,2026-09-06..2026-09-13,1,1,2,2.0000,aggregate_row
2026032812*3+2026052801*3,2026-08-09..2026-08-16,1,1,132,135.0000,aggregate_row
2026032812*3+2026052801*3,2026-08-16..2026-08-23,1,1,63,66.0000,aggregate_row
2026032812*3+2026052801*3,2026-08-23..2026-08-30,1,1,37,39.0000,aggregate_row
2026032812*3+2026052801*3,2026-08-30..2026-09-06,1,1,16,16.0000,aggregate_row
2026032812*3+2026052801*3,2026-09-06..2026-09-13,1,1,21,22.0000,aggregate_row
2026032812*4+2026032811*3,2026-08-09..2026-08-16,1,1,208,213.0000,aggregate_row
2026032812*4+2026032811*3,2026-08-16..2026-08-23,1,1,86,86.0000,aggregate_row
2026032812*4+2026032811*3,2026-08-23..2026-08-30,1,1,63,64.0000,aggregate_row
2026032812*4+2026032811*3,2026-08-30..2026-09-06,1,1,46,46.0000,aggregate_row
2026032812*4+2026032811*3,2026-09-06..2026-09-13,1,1,44,45.0000,aggregate_row
2026032812*5+2026030201*5,2026-08-09..2026-08-16,1,1,17,17.0000,aggregate_row
2026032812*5+2026030201*5,2026-08-16..2026-08-23,1,1,14,14.0000,aggregate_row
2026032812*5+2026030201*5,2026-08-23..2026-08-30,1,1,8,11.0000,aggregate_row
2026032812*5+2026030201*5,2026-08-30..2026-09-06,1,1,4,5.0000,aggregate_row
2026032812*5+2026030201*5,2026-09-06..2026-09-13,1,1,7,8.0000,aggregate_row
2026032812*5+2026052801*5,2026-08-09..2026-08-16,1,1,31,40.0000,aggregate_row
2026032812*5+2026052801*5,2026-08-16..2026-08-23,1,1,18,46.0000,aggregate_row
2026032812*5+2026052801*5,2026-08-23..2026-08-30,1,1,16,18.0000,aggregate_row
2026032812*5+2026052801*5,2026-08-30..2026-09-06,1,1,6,15.0000,aggregate_row
2026032812*5+2026052801*5,2026-09-06..2026-09-13,1,1,5,5.0000,aggregate_row
2026032812*7,2026-08-09..2026-08-16,1,1,783,815.0000,aggregate_row
2026032812*7,2026-08-16..2026-08-23,1,1,390,407.0000,aggregate_row
2026032812*7,2026-08-23..2026-08-30,1,1,289,305.0000,aggregate_row
2026032812*7,2026-08-30..2026-09-06,1,1,190,201.0000,aggregate_row
2026032812*7,2026-09-06..2026-09-13,1,1,148,158.0000,aggregate_row
2026032812*7+2026052801*7,2026-08-09..2026-08-16,1,1,466,483.0000,aggregate_row
2026032812*7+2026052801*7,2026-08-16..2026-08-23,1,1,202,204.0000,aggregate_row
2026032812*7+2026052801*7,2026-08-23..2026-08-30,1,1,152,156.0000,aggregate_row
2026032812*7+2026052801*7,2026-08-30..2026-09-06,1,1,29,29.0000,aggregate_row
2026032812*7+2026052801*7,2026-09-06..2026-09-13,1,0,,,verified_zero
2026032812+2026052801,2026-08-09..2026-08-16,1,1,21,21.0000,aggregate_row
2026032812+2026052801,2026-08-16..2026-08-23,1,1,6,6.0000,aggregate_row
2026032812+2026052801,2026-08-23..2026-08-30,1,1,12,12.0000,aggregate_row
2026032812+2026052801,2026-08-30..2026-09-06,1,1,10,10.0000,aggregate_row
2026032812+2026052801,2026-09-06..2026-09-13,1,1,5,5.0000,aggregate_row
2026032813,2026-08-09..2026-08-16,1,0,,,verified_zero
2026032813,2026-08-16..2026-08-23,1,0,,,verified_zero
2026032813,2026-08-23..2026-08-30,1,1,1,1.0000,aggregate_row
2026032813,2026-08-30..2026-09-06,1,0,,,verified_zero
2026032813,2026-09-06..2026-09-13,1,0,,,verified_zero
2026032813*3,2026-08-09..2026-08-16,1,1,41,41.0000,aggregate_row
2026032813*3,2026-08-16..2026-08-23,1,1,22,22.0000,aggregate_row
2026032813*3,2026-08-23..2026-08-30,1,1,25,25.0000,aggregate_row
2026032813*3,2026-08-30..2026-09-06,1,1,7,7.0000,aggregate_row
2026032813*3,2026-09-06..2026-09-13,1,1,8,8.0000,aggregate_row
2026032813*5+2026030201*5,2026-08-09..2026-08-16,1,1,4,10.0000,aggregate_row
2026032813*5+2026030201*5,2026-08-16..2026-08-23,1,1,1,1.0000,aggregate_row
2026032813*5+2026030201*5,2026-08-23..2026-08-30,1,1,3,3.0000,aggregate_row
2026032813*5+2026030201*5,2026-08-30..2026-09-06,1,0,,,verified_zero
2026032813*5+2026030201*5,2026-09-06..2026-09-13,1,1,1,1.0000,aggregate_row
2026032813*6+2026030201*2,2026-08-09..2026-08-16,1,1,15,16.0000,aggregate_row
2026032813*6+2026030201*2,2026-08-16..2026-08-23,1,1,36,36.0000,aggregate_row
2026032813*6+2026030201*2,2026-08-23..2026-08-30,1,1,21,21.0000,aggregate_row
2026032813*6+2026030201*2,2026-08-30..2026-09-06,1,1,4,5.0000,aggregate_row
2026032813*6+2026030201*2,2026-09-06..2026-09-13,1,0,,,verified_zero
2026032813*8,2026-08-09..2026-08-16,1,1,53,54.0000,aggregate_row
2026032813*8,2026-08-16..2026-08-23,1,1,28,41.0000,aggregate_row
2026032813*8,2026-08-23..2026-08-30,1,1,23,33.0000,aggregate_row
2026032813*8,2026-08-30..2026-09-06,1,1,26,30.0000,aggregate_row
2026032813*8,2026-09-06..2026-09-13,1,1,10,12.0000,aggregate_row
2026040101*10,2026-08-09..2026-08-16,1,1,1382,1447.0000,aggregate_row
2026040101*10,2026-08-16..2026-08-23,1,1,922,941.0000,aggregate_row
2026040101*10,2026-08-23..2026-08-30,1,1,868,878.0000,aggregate_row
2026040101*10,2026-08-30..2026-09-06,1,1,692,705.0000,aggregate_row
2026040101*10,2026-09-06..2026-09-13,1,1,1033,1042.0000,aggregate_row
2026040101*18,2026-08-09..2026-08-16,1,1,46,46.0000,aggregate_row
2026040101*18,2026-08-16..2026-08-23,1,1,27,27.0000,aggregate_row
2026040101*18,2026-08-23..2026-08-30,1,1,41,41.0000,aggregate_row
2026040101*18,2026-08-30..2026-09-06,1,1,31,31.0000,aggregate_row
2026040101*18,2026-09-06..2026-09-13,1,1,33,33.0000,aggregate_row
2026040101*20,2026-08-09..2026-08-16,1,1,450,463.0000,aggregate_row
2026040101*20,2026-08-16..2026-08-23,1,1,343,361.0000,aggregate_row
2026040101*20,2026-08-23..2026-08-30,1,1,312,326.0000,aggregate_row
2026040101*20,2026-08-30..2026-09-06,1,1,249,259.0000,aggregate_row
2026040101*20,2026-09-06..2026-09-13,1,1,306,316.0000,aggregate_row
2026040101*3,2026-08-09..2026-08-16,1,1,44,45.0000,aggregate_row
2026040101*3,2026-08-16..2026-08-23,1,1,19,19.0000,aggregate_row
2026040101*3,2026-08-23..2026-08-30,1,1,28,28.0000,aggregate_row
2026040101*3,2026-08-30..2026-09-06,1,1,12,12.0000,aggregate_row
2026040101*3,2026-09-06..2026-09-13,1,1,15,15.0000,aggregate_row
2026040101*30,2026-08-09..2026-08-16,1,1,38,41.0000,aggregate_row
2026040101*30,2026-08-16..2026-08-23,1,1,27,29.0000,aggregate_row
2026040101*30,2026-08-23..2026-08-30,1,1,43,45.0000,aggregate_row
2026040101*30,2026-08-30..2026-09-06,1,1,26,28.0000,aggregate_row
2026040101*30,2026-09-06..2026-09-13,1,1,35,38.0000,aggregate_row
2026040101*5,2026-08-09..2026-08-16,1,1,3515,3542.0000,aggregate_row
2026040101*5,2026-08-16..2026-08-23,1,1,2457,2469.0000,aggregate_row
2026040101*5,2026-08-23..2026-08-30,1,1,2259,2270.0000,aggregate_row
2026040101*5,2026-08-30..2026-09-06,1,1,1868,1888.0000,aggregate_row
2026040101*5,2026-09-06..2026-09-13,1,1,2525,2558.0000,aggregate_row
2026040101*5+2026040102*5,2026-08-09..2026-08-16,1,1,500,502.0000,aggregate_row
2026040101*5+2026040102*5,2026-08-16..2026-08-23,1,1,347,348.0000,aggregate_row
2026040101*5+2026040102*5,2026-08-23..2026-08-30,1,1,644,646.0000,aggregate_row
2026040101*5+2026040102*5,2026-08-30..2026-09-06,1,1,662,662.0000,aggregate_row
2026040101*5+2026040102*5,2026-09-06..2026-09-13,1,1,617,618.0000,aggregate_row
2026040101*6,2026-08-09..2026-08-16,1,1,50,50.0000,aggregate_row
2026040101*6,2026-08-16..2026-08-23,1,1,32,33.0000,aggregate_row
2026040101*6,2026-08-23..2026-08-30,1,1,21,21.0000,aggregate_row
2026040101*6,2026-08-30..2026-09-06,1,1,20,20.0000,aggregate_row
2026040101*6,2026-09-06..2026-09-13,1,1,44,45.0000,aggregate_row
2026040101*8,2026-08-09..2026-08-16,1,1,14,15.0000,aggregate_row
2026040101*8,2026-08-16..2026-08-23,1,1,1,1.0000,aggregate_row
2026040101*8,2026-08-23..2026-08-30,1,1,15,17.0000,aggregate_row
2026040101*8,2026-08-30..2026-09-06,1,1,9,9.0000,aggregate_row
2026040101*8,2026-09-06..2026-09-13,1,1,11,11.0000,aggregate_row
2026040101*9,2026-08-09..2026-08-16,1,1,17,17.0000,aggregate_row
2026040101*9,2026-08-16..2026-08-23,1,1,20,20.0000,aggregate_row
2026040101*9,2026-08-23..2026-08-30,1,1,23,23.0000,aggregate_row
2026040101*9,2026-08-30..2026-09-06,1,1,9,9.0000,aggregate_row
2026040101*9,2026-09-06..2026-09-13,1,1,12,12.0000,aggregate_row
2026040102*10,2026-08-09..2026-08-16,1,1,531,541.0000,aggregate_row
2026040102*10,2026-08-16..2026-08-23,1,1,368,372.0000,aggregate_row
2026040102*10,2026-08-23..2026-08-30,1,1,364,369.0000,aggregate_row
2026040102*10,2026-08-30..2026-09-06,1,1,307,312.0000,aggregate_row
2026040102*10,2026-09-06..2026-09-13,1,1,412,422.0000,aggregate_row
2026040102*10+2026040101*10,2026-08-09..2026-08-16,1,1,2714,2768.0000,aggregate_row
2026040102*10+2026040101*10,2026-08-16..2026-08-23,1,1,1817,1855.0000,aggregate_row
2026040102*10+2026040101*10,2026-08-23..2026-08-30,1,1,1868,1907.0000,aggregate_row
2026040102*10+2026040101*10,2026-08-30..2026-09-06,1,1,1530,1560.0000,aggregate_row
2026040102*10+2026040101*10,2026-09-06..2026-09-13,1,1,1731,1751.0000,aggregate_row
2026040102*15+2026040101*15,2026-08-09..2026-08-16,1,1,91,93.0000,aggregate_row
2026040102*15+2026040101*15,2026-08-16..2026-08-23,1,1,81,83.0000,aggregate_row
2026040102*15+2026040101*15,2026-08-23..2026-08-30,1,1,102,105.0000,aggregate_row
2026040102*15+2026040101*15,2026-08-30..2026-09-06,1,1,60,61.0000,aggregate_row
2026040102*15+2026040101*15,2026-09-06..2026-09-13,1,1,79,79.0000,aggregate_row
2026040102*2+2026040101*2,2026-08-09..2026-08-16,1,1,827,827.0000,aggregate_row
2026040102*2+2026040101*2,2026-08-16..2026-08-23,1,1,439,439.0000,aggregate_row
2026040102*2+2026040101*2,2026-08-23..2026-08-30,1,1,573,573.0000,aggregate_row
2026040102*2+2026040101*2,2026-08-30..2026-09-06,1,1,521,521.0000,aggregate_row
2026040102*2+2026040101*2,2026-09-06..2026-09-13,1,1,176,176.0000,aggregate_row
2026040102*20,2026-08-09..2026-08-16,1,1,190,197.0000,aggregate_row
2026040102*20,2026-08-16..2026-08-23,1,1,154,158.0000,aggregate_row
2026040102*20,2026-08-23..2026-08-30,1,1,150,155.0000,aggregate_row
2026040102*20,2026-08-30..2026-09-06,1,1,111,114.0000,aggregate_row
2026040102*20,2026-09-06..2026-09-13,1,1,76,83.0000,aggregate_row
2026040102*3+2026040101*2,2026-08-09..2026-08-16,1,1,189,189.0000,aggregate_row
2026040102*3+2026040101*2,2026-08-16..2026-08-23,1,1,161,161.0000,aggregate_row
2026040102*3+2026040101*2,2026-08-23..2026-08-30,1,1,152,152.0000,aggregate_row
2026040102*3+2026040101*2,2026-08-30..2026-09-06,1,1,195,195.0000,aggregate_row
2026040102*3+2026040101*2,2026-09-06..2026-09-13,1,1,255,255.0000,aggregate_row
2026040102*3+2026040101*3,2026-08-09..2026-08-16,1,1,614,614.0000,aggregate_row
2026040102*3+2026040101*3,2026-08-16..2026-08-23,1,1,365,373.0000,aggregate_row
2026040102*3+2026040101*3,2026-08-23..2026-08-30,1,1,400,404.0000,aggregate_row
2026040102*3+2026040101*3,2026-08-30..2026-09-06,1,1,342,343.0000,aggregate_row
2026040102*3+2026040101*3,2026-09-06..2026-09-13,1,1,304,306.0000,aggregate_row
2026040102*4+2026040101*4,2026-08-09..2026-08-16,1,1,141,141.0000,aggregate_row
2026040102*4+2026040101*4,2026-08-16..2026-08-23,1,1,205,205.0000,aggregate_row
2026040102*4+2026040101*4,2026-08-23..2026-08-30,1,1,237,238.0000,aggregate_row
2026040102*4+2026040101*4,2026-08-30..2026-09-06,1,1,166,167.0000,aggregate_row
2026040102*4+2026040101*4,2026-09-06..2026-09-13,1,1,320,320.0000,aggregate_row
2026040102*5,2026-08-09..2026-08-16,1,1,1896,1897.0000,aggregate_row
2026040102*5,2026-08-16..2026-08-23,1,1,1156,1156.0000,aggregate_row
2026040102*5,2026-08-23..2026-08-30,1,1,1344,1347.0000,aggregate_row
2026040102*5,2026-08-30..2026-09-06,1,1,957,969.0000,aggregate_row
2026040102*5,2026-09-06..2026-09-13,1,1,1056,1062.0000,aggregate_row
2026040102*5+2026040101*5,2026-08-09..2026-08-16,1,1,15762,15786.0000,aggregate_row
2026040102*5+2026040101*5,2026-08-16..2026-08-23,1,1,8786,8808.0000,aggregate_row
2026040102*5+2026040101*5,2026-08-23..2026-08-30,1,1,9288,9307.0000,aggregate_row
2026040102*5+2026040101*5,2026-08-30..2026-09-06,1,1,7317,7339.0000,aggregate_row
2026040102*5+2026040101*5,2026-09-06..2026-09-13,1,1,10554,10566.0000,aggregate_row
2026040102*9+2026040101*9,2026-08-09..2026-08-16,1,1,170,171.0000,aggregate_row
2026040102*9+2026040101*9,2026-08-16..2026-08-23,1,1,124,125.0000,aggregate_row
2026040102*9+2026040101*9,2026-08-23..2026-08-30,1,1,121,123.0000,aggregate_row
2026040102*9+2026040101*9,2026-08-30..2026-09-06,1,1,89,89.0000,aggregate_row
2026040102*9+2026040101*9,2026-09-06..2026-09-13,1,1,138,138.0000,aggregate_row
2026040103,2026-08-09..2026-08-16,1,1,6,6.0000,aggregate_row
2026040103,2026-08-16..2026-08-23,1,1,2,2.0000,aggregate_row
2026040103,2026-08-23..2026-08-30,1,1,6,6.0000,aggregate_row
2026040103,2026-08-30..2026-09-06,1,1,14,14.0000,aggregate_row
2026040103,2026-09-06..2026-09-13,1,1,6,6.0000,aggregate_row
2026040318,2026-08-09..2026-08-16,1,1,81,88.0000,aggregate_row
2026040318,2026-08-16..2026-08-23,1,1,90,92.0000,aggregate_row
2026040318,2026-08-23..2026-08-30,1,1,67,69.0000,aggregate_row
2026040318,2026-08-30..2026-09-06,1,1,66,71.0000,aggregate_row
2026040318,2026-09-06..2026-09-13,1,1,70,73.0000,aggregate_row
2026040318*2,2026-08-09..2026-08-16,1,1,567,574.0000,aggregate_row
2026040318*2,2026-08-16..2026-08-23,1,1,519,525.0000,aggregate_row
2026040318*2,2026-08-23..2026-08-30,1,1,571,578.0000,aggregate_row
2026040318*2,2026-08-30..2026-09-06,1,1,667,671.0000,aggregate_row
2026040318*2,2026-09-06..2026-09-13,1,1,642,645.0000,aggregate_row
2026040318*3,2026-08-09..2026-08-16,1,1,12483,12617.0000,aggregate_row
2026040318*3,2026-08-16..2026-08-23,1,1,10726,10829.0000,aggregate_row
2026040318*3,2026-08-23..2026-08-30,1,1,11201,11359.0000,aggregate_row
2026040318*3,2026-08-30..2026-09-06,1,1,11885,12050.0000,aggregate_row
2026040318*3,2026-09-06..2026-09-13,1,1,10811,10911.0000,aggregate_row
2026040318*4,2026-08-09..2026-08-16,1,1,1103,1107.0000,aggregate_row
2026040318*4,2026-08-16..2026-08-23,1,1,1209,1217.0000,aggregate_row
2026040318*4,2026-08-23..2026-08-30,1,1,1347,1349.0000,aggregate_row
2026040318*4,2026-08-30..2026-09-06,1,1,1300,1303.0000,aggregate_row
2026040318*4,2026-09-06..2026-09-13,1,1,1407,1415.0000,aggregate_row
2026040318*5,2026-08-09..2026-08-16,1,1,210,210.0000,aggregate_row
2026040318*5,2026-08-16..2026-08-23,1,1,178,180.0000,aggregate_row
2026040318*5,2026-08-23..2026-08-30,1,1,217,227.0000,aggregate_row
2026040318*5,2026-08-30..2026-09-06,1,1,185,187.0000,aggregate_row
2026040318*5,2026-09-06..2026-09-13,1,1,180,181.0000,aggregate_row
2026040318*6,2026-08-09..2026-08-16,1,1,2357,2369.0000,aggregate_row
2026040318*6,2026-08-16..2026-08-23,1,1,2050,2056.0000,aggregate_row
2026040318*6,2026-08-23..2026-08-30,1,1,2133,2141.0000,aggregate_row
2026040318*6,2026-08-30..2026-09-06,1,1,2265,2277.0000,aggregate_row
2026040318*6,2026-09-06..2026-09-13,1,1,2161,2174.0000,aggregate_row
2026040318*7,2026-08-09..2026-08-16,1,1,37,38.0000,aggregate_row
2026040318*7,2026-08-16..2026-08-23,1,1,38,43.0000,aggregate_row
2026040318*7,2026-08-23..2026-08-30,1,1,52,54.0000,aggregate_row
2026040318*7,2026-08-30..2026-09-06,1,1,67,72.0000,aggregate_row
2026040318*7,2026-09-06..2026-09-13,1,1,78,79.0000,aggregate_row
2026040318*8,2026-08-09..2026-08-16,1,1,171,180.0000,aggregate_row
2026040318*8,2026-08-16..2026-08-23,1,1,150,159.0000,aggregate_row
2026040318*8,2026-08-23..2026-08-30,1,1,176,185.0000,aggregate_row
2026040318*8,2026-08-30..2026-09-06,1,1,142,154.0000,aggregate_row
2026040318*8,2026-09-06..2026-09-13,1,1,150,157.0000,aggregate_row
2026040318*9,2026-08-09..2026-08-16,1,1,946,989.0000,aggregate_row
2026040318*9,2026-08-16..2026-08-23,1,1,948,998.0000,aggregate_row
2026040318*9,2026-08-23..2026-08-30,1,1,858,903.0000,aggregate_row
2026040318*9,2026-08-30..2026-09-06,1,1,892,924.0000,aggregate_row
2026040318*9,2026-09-06..2026-09-13,1,1,784,832.0000,aggregate_row
2026040808,2026-08-09..2026-08-16,1,1,7,7.0000,aggregate_row
2026040808,2026-08-16..2026-08-23,1,1,9,9.0000,aggregate_row
2026040808,2026-08-23..2026-08-30,1,1,6,6.0000,aggregate_row
2026040808,2026-08-30..2026-09-06,1,1,13,14.0000,aggregate_row
2026040808,2026-09-06..2026-09-13,1,1,14,14.0000,aggregate_row
2026040840,2026-08-09..2026-08-16,1,0,,,verified_zero
2026040840,2026-08-16..2026-08-23,1,0,,,verified_zero
2026040840,2026-08-23..2026-08-30,1,1,95,99.0000,aggregate_row
2026040840,2026-08-30..2026-09-06,1,1,70,75.0000,aggregate_row
2026040840,2026-09-06..2026-09-13,1,0,,,verified_zero
2026040902*2,2026-08-09..2026-08-16,1,1,1,1.0000,aggregate_row
2026040902*2,2026-08-16..2026-08-23,1,1,1,1.0000,aggregate_row
2026040902*2,2026-08-23..2026-08-30,1,1,1,1.0000,aggregate_row
2026040902*2,2026-08-30..2026-09-06,1,0,,,verified_zero
2026040902*2,2026-09-06..2026-09-13,1,0,,,verified_zero
2026041501*2,2026-08-09..2026-08-16,1,1,67,67.0000,aggregate_row
2026041501*2,2026-08-16..2026-08-23,1,1,69,69.0000,aggregate_row
2026041501*2,2026-08-23..2026-08-30,1,1,66,66.0000,aggregate_row
2026041501*2,2026-08-30..2026-09-06,1,1,66,66.0000,aggregate_row
2026041501*2,2026-09-06..2026-09-13,1,1,59,59.0000,aggregate_row
2026041501*5,2026-08-09..2026-08-16,1,1,26,27.0000,aggregate_row
2026041501*5,2026-08-16..2026-08-23,1,1,29,69.0000,aggregate_row
2026041501*5,2026-08-23..2026-08-30,1,1,19,20.0000,aggregate_row
2026041501*5,2026-08-30..2026-09-06,1,1,31,31.0000,aggregate_row
2026041501*5,2026-09-06..2026-09-13,1,1,20,21.0000,aggregate_row
2026042003*10,2026-08-09..2026-08-16,1,1,5,5.0000,aggregate_row
2026042003*10,2026-08-16..2026-08-23,1,1,1,1.0000,aggregate_row
2026042003*10,2026-08-23..2026-08-30,1,1,2,2.0000,aggregate_row
2026042003*10,2026-08-30..2026-09-06,1,1,1,1.0000,aggregate_row
2026042003*10,2026-09-06..2026-09-13,1,0,,,verified_zero
2026042004*5+2026042003*5,2026-08-09..2026-08-16,1,1,1,1.0000,aggregate_row
2026042004*5+2026042003*5,2026-08-16..2026-08-23,1,1,3,3.0000,aggregate_row
2026042004*5+2026042003*5,2026-08-23..2026-08-30,1,1,5,5.0000,aggregate_row
2026042004*5+2026042003*5,2026-08-30..2026-09-06,1,1,2,2.0000,aggregate_row
2026042004*5+2026042003*5,2026-09-06..2026-09-13,1,1,4,4.0000,aggregate_row
2026042004*8,2026-08-09..2026-08-16,1,1,1,1.0000,aggregate_row
2026042004*8,2026-08-16..2026-08-23,1,0,,,verified_zero
2026042004*8,2026-08-23..2026-08-30,1,0,,,verified_zero
2026042004*8,2026-08-30..2026-09-06,1,1,1,1.0000,aggregate_row
2026042004*8,2026-09-06..2026-09-13,1,1,1,1.0000,aggregate_row
2026042036,2026-08-09..2026-08-16,1,1,241,242.0000,aggregate_row
2026042036,2026-08-16..2026-08-23,1,1,180,182.0000,aggregate_row
2026042036,2026-08-23..2026-08-30,1,1,198,199.0000,aggregate_row
2026042036,2026-08-30..2026-09-06,1,1,248,248.0000,aggregate_row
2026042036,2026-09-06..2026-09-13,1,1,194,200.0000,aggregate_row
2026042036*2,2026-08-09..2026-08-16,1,1,58,59.0000,aggregate_row
2026042036*2,2026-08-16..2026-08-23,1,1,49,50.0000,aggregate_row
2026042036*2,2026-08-23..2026-08-30,1,1,69,69.0000,aggregate_row
2026042036*2,2026-08-30..2026-09-06,1,1,72,73.0000,aggregate_row
2026042036*2,2026-09-06..2026-09-13,1,1,72,72.0000,aggregate_row
2026042036*2+2026022601*2,2026-08-09..2026-08-16,1,1,436,455.0000,aggregate_row
2026042036*2+2026022601*2,2026-08-16..2026-08-23,1,1,354,368.0000,aggregate_row
2026042036*2+2026022601*2,2026-08-23..2026-08-30,1,1,465,469.0000,aggregate_row
2026042036*2+2026022601*2,2026-08-30..2026-09-06,1,1,551,570.0000,aggregate_row
2026042036*2+2026022601*2,2026-09-06..2026-09-13,1,1,479,490.0000,aggregate_row
2026042036*2+2026022601*3+22173*2+刷1,2026-08-09..2026-08-16,1,1,709,715.0000,aggregate_row
2026042036*2+2026022601*3+22173*2+刷1,2026-08-16..2026-08-23,1,1,605,610.0000,aggregate_row
2026042036*2+2026022601*3+22173*2+刷1,2026-08-23..2026-08-30,1,1,660,665.0000,aggregate_row
2026042036*2+2026022601*3+22173*2+刷1,2026-08-30..2026-09-06,1,1,870,877.0000,aggregate_row
2026042036*2+2026022601*3+22173*2+刷1,2026-09-06..2026-09-13,1,1,896,903.0000,aggregate_row
2026042036*3,2026-08-09..2026-08-16,1,1,103,203.0000,aggregate_row
2026042036*3,2026-08-16..2026-08-23,1,1,98,102.0000,aggregate_row
2026042036*3,2026-08-23..2026-08-30,1,1,96,248.0000,aggregate_row
2026042036*3,2026-08-30..2026-09-06,1,1,112,116.0000,aggregate_row
2026042036*3,2026-09-06..2026-09-13,1,1,137,242.0000,aggregate_row
2026042036*3+2026022601*3+2025051701*3,2026-08-09..2026-08-16,1,1,19,19.0000,aggregate_row
2026042036*3+2026022601*3+2025051701*3,2026-08-16..2026-08-23,1,1,11,12.0000,aggregate_row
2026042036*3+2026022601*3+2025051701*3,2026-08-23..2026-08-30,1,1,29,29.0000,aggregate_row
2026042036*3+2026022601*3+2025051701*3,2026-08-30..2026-09-06,1,1,22,22.0000,aggregate_row
2026042036*3+2026022601*3+2025051701*3,2026-09-06..2026-09-13,1,1,22,22.0000,aggregate_row
2026042036*3+2026022601*3+22173*3+刷1,2026-08-09..2026-08-16,1,1,95,101.0000,aggregate_row
2026042036*3+2026022601*3+22173*3+刷1,2026-08-16..2026-08-23,1,1,87,87.0000,aggregate_row
2026042036*3+2026022601*3+22173*3+刷1,2026-08-23..2026-08-30,1,1,101,106.0000,aggregate_row
2026042036*3+2026022601*3+22173*3+刷1,2026-08-30..2026-09-06,1,1,101,101.0000,aggregate_row
2026042036*3+2026022601*3+22173*3+刷1,2026-09-06..2026-09-13,1,1,114,117.0000,aggregate_row
2026042036*3+2026022601*4+22173*3+刷1,2026-08-09..2026-08-16,1,1,57,58.0000,aggregate_row
2026042036*3+2026022601*4+22173*3+刷1,2026-08-16..2026-08-23,1,1,65,67.0000,aggregate_row
2026042036*3+2026022601*4+22173*3+刷1,2026-08-23..2026-08-30,1,1,54,54.0000,aggregate_row
2026042036*3+2026022601*4+22173*3+刷1,2026-08-30..2026-09-06,1,1,56,59.0000,aggregate_row
2026042036*3+2026022601*4+22173*3+刷1,2026-09-06..2026-09-13,1,1,59,61.0000,aggregate_row
2026042036*4+2026022601*6+2025051701*8,2026-08-09..2026-08-16,1,1,35,36.0000,aggregate_row
2026042036*4+2026022601*6+2025051701*8,2026-08-16..2026-08-23,1,1,34,35.0000,aggregate_row
2026042036*4+2026022601*6+2025051701*8,2026-08-23..2026-08-30,1,1,38,40.0000,aggregate_row
2026042036*4+2026022601*6+2025051701*8,2026-08-30..2026-09-06,1,1,34,34.0000,aggregate_row
2026042036*4+2026022601*6+2025051701*8,2026-09-06..2026-09-13,1,1,19,22.0000,aggregate_row
2026042036+2026022601,2026-08-09..2026-08-16,1,1,6,6.0000,aggregate_row
2026042036+2026022601,2026-08-16..2026-08-23,1,1,5,5.0000,aggregate_row
2026042036+2026022601,2026-08-23..2026-08-30,1,1,4,4.0000,aggregate_row
2026042036+2026022601,2026-08-30..2026-09-06,1,1,3,3.0000,aggregate_row
2026042036+2026022601,2026-09-06..2026-09-13,1,1,3,3.0000,aggregate_row
2026042036+2026022601+肠+干料+刷1,2026-08-09..2026-08-16,1,1,43,43.0000,aggregate_row
2026042036+2026022601+肠+干料+刷1,2026-08-16..2026-08-23,1,1,40,40.0000,aggregate_row
2026042036+2026022601+肠+干料+刷1,2026-08-23..2026-08-30,1,1,32,32.0000,aggregate_row
2026042036+2026022601+肠+干料+刷1,2026-08-30..2026-09-06,1,1,42,42.0000,aggregate_row
2026042036+2026022601+肠+干料+刷1,2026-09-06..2026-09-13,1,1,39,39.0000,aggregate_row
2026042201,2026-08-09..2026-08-16,1,1,370,371.0000,aggregate_row
2026042201,2026-08-16..2026-08-23,1,1,194,195.0000,aggregate_row
2026042201,2026-08-23..2026-08-30,1,1,233,242.0000,aggregate_row
2026042201,2026-08-30..2026-09-06,1,1,431,437.0000,aggregate_row
2026042201,2026-09-06..2026-09-13,1,1,942,950.0000,aggregate_row
2026042201*2,2026-08-09..2026-08-16,1,1,845,845.0000,aggregate_row
2026042201*2,2026-08-16..2026-08-23,1,1,563,566.0000,aggregate_row
2026042201*2,2026-08-23..2026-08-30,1,1,578,582.0000,aggregate_row
2026042201*2,2026-08-30..2026-09-06,1,1,974,977.0000,aggregate_row
2026042201*2,2026-09-06..2026-09-13,1,1,2671,2673.0000,aggregate_row
2026042201*3,2026-08-09..2026-08-16,1,1,27,27.0000,aggregate_row
2026042201*3,2026-08-16..2026-08-23,1,1,16,16.0000,aggregate_row
2026042201*3,2026-08-23..2026-08-30,1,1,28,28.0000,aggregate_row
2026042201*3,2026-08-30..2026-09-06,1,1,25,25.0000,aggregate_row
2026042201*3,2026-09-06..2026-09-13,1,1,31,31.0000,aggregate_row
2026042201*5,2026-08-09..2026-08-16,1,1,152,165.0000,aggregate_row
2026042201*5,2026-08-16..2026-08-23,1,1,122,130.0000,aggregate_row
2026042201*5,2026-08-23..2026-08-30,1,1,139,149.0000,aggregate_row
2026042201*5,2026-08-30..2026-09-06,1,1,214,221.0000,aggregate_row
2026042201*5,2026-09-06..2026-09-13,1,1,387,402.0000,aggregate_row
2026042201*6,2026-08-09..2026-08-16,1,1,8,8.0000,aggregate_row
2026042201*6,2026-08-16..2026-08-23,1,1,6,6.0000,aggregate_row
2026042201*6,2026-08-23..2026-08-30,1,1,3,3.0000,aggregate_row
2026042201*6,2026-08-30..2026-09-06,1,1,8,10.0000,aggregate_row
2026042201*6,2026-09-06..2026-09-13,1,1,6,6.0000,aggregate_row
2026042202,2026-08-09..2026-08-16,1,1,29,29.0000,aggregate_row
2026042202,2026-08-16..2026-08-23,1,1,47,48.0000,aggregate_row
2026042202,2026-08-23..2026-08-30,1,1,74,79.0000,aggregate_row
2026042202,2026-08-30..2026-09-06,1,1,85,97.0000,aggregate_row
2026042202,2026-09-06..2026-09-13,1,1,93,96.0000,aggregate_row
2026042202*2,2026-08-09..2026-08-16,1,1,41,41.0000,aggregate_row
2026042202*2,2026-08-16..2026-08-23,1,1,58,58.0000,aggregate_row
2026042202*2,2026-08-23..2026-08-30,1,1,76,77.0000,aggregate_row
2026042202*2,2026-08-30..2026-09-06,1,1,72,73.0000,aggregate_row
2026042202*2,2026-09-06..2026-09-13,1,1,99,99.0000,aggregate_row
2026042202*5,2026-08-09..2026-08-16,1,1,36,45.0000,aggregate_row
2026042202*5,2026-08-16..2026-08-23,1,1,37,43.0000,aggregate_row
2026042202*5,2026-08-23..2026-08-30,1,1,58,76.0000,aggregate_row
2026042202*5,2026-08-30..2026-09-06,1,1,59,76.0000,aggregate_row
2026042202*5,2026-09-06..2026-09-13,1,1,67,85.0000,aggregate_row
2026042203,2026-08-09..2026-08-16,1,1,51,52.0000,aggregate_row
2026042203,2026-08-16..2026-08-23,1,1,39,39.0000,aggregate_row
2026042203,2026-08-23..2026-08-30,1,1,33,34.0000,aggregate_row
2026042203,2026-08-30..2026-09-06,1,1,8,8.0000,aggregate_row
2026042203,2026-09-06..2026-09-13,1,0,,,verified_zero
2026042203*10,2026-08-09..2026-08-16,1,1,1,1.0000,aggregate_row
2026042203*10,2026-08-16..2026-08-23,1,0,,,verified_zero
2026042203*10,2026-08-23..2026-08-30,1,1,1,1.0000,aggregate_row
2026042203*10,2026-08-30..2026-09-06,1,0,,,verified_zero
2026042203*10,2026-09-06..2026-09-13,1,0,,,verified_zero
2026042203*2,2026-08-09..2026-08-16,1,1,31,31.0000,aggregate_row
2026042203*2,2026-08-16..2026-08-23,1,1,34,34.0000,aggregate_row
2026042203*2,2026-08-23..2026-08-30,1,1,40,40.0000,aggregate_row
2026042203*2,2026-08-30..2026-09-06,1,1,6,6.0000,aggregate_row
2026042203*2,2026-09-06..2026-09-13,1,0,,,verified_zero
2026042203*5,2026-08-09..2026-08-16,1,1,6,6.0000,aggregate_row
2026042203*5,2026-08-16..2026-08-23,1,1,7,9.0000,aggregate_row
2026042203*5,2026-08-23..2026-08-30,1,1,10,10.0000,aggregate_row
2026042203*5,2026-08-30..2026-09-06,1,1,1,1.0000,aggregate_row
2026042203*5,2026-09-06..2026-09-13,1,0,,,verified_zero
2026042321,2026-08-09..2026-08-16,1,1,822,841.0000,aggregate_row
2026042321,2026-08-16..2026-08-23,1,1,1017,1036.0000,aggregate_row
2026042321,2026-08-23..2026-08-30,1,1,100,104.0000,aggregate_row
2026042321,2026-08-30..2026-09-06,1,1,51,51.0000,aggregate_row
2026042321,2026-09-06..2026-09-13,1,1,57,57.0000,aggregate_row
2026042321*2,2026-08-09..2026-08-16,1,1,504,505.0000,aggregate_row
2026042321*2,2026-08-16..2026-08-23,1,1,597,599.0000,aggregate_row
2026042321*2,2026-08-23..2026-08-30,1,1,183,183.0000,aggregate_row
2026042321*2,2026-08-30..2026-09-06,1,1,124,124.0000,aggregate_row
2026042321*2,2026-09-06..2026-09-13,1,1,138,138.0000,aggregate_row
2026042321*3,2026-08-09..2026-08-16,1,1,230,233.0000,aggregate_row
2026042321*3,2026-08-16..2026-08-23,1,1,241,245.0000,aggregate_row
2026042321*3,2026-08-23..2026-08-30,1,1,59,59.0000,aggregate_row
2026042321*3,2026-08-30..2026-09-06,1,1,69,70.0000,aggregate_row
2026042321*3,2026-09-06..2026-09-13,1,1,90,90.0000,aggregate_row
2026042321*5,2026-08-09..2026-08-16,1,1,50,53.0000,aggregate_row
2026042321*5,2026-08-16..2026-08-23,1,1,52,56.0000,aggregate_row
2026042321*5,2026-08-23..2026-08-30,1,1,40,44.0000,aggregate_row
2026042321*5,2026-08-30..2026-09-06,1,1,35,37.0000,aggregate_row
2026042321*5,2026-09-06..2026-09-13,1,1,41,44.0000,aggregate_row
2026042501,2026-08-09..2026-08-16,1,0,,,verified_zero
2026042501,2026-08-16..2026-08-23,1,0,,,verified_zero
2026042501,2026-08-23..2026-08-30,1,0,,,verified_zero
2026042501,2026-08-30..2026-09-06,1,0,,,verified_zero
2026042501,2026-09-06..2026-09-13,1,0,,,verified_zero
2026042501*2,2026-08-09..2026-08-16,1,0,,,verified_zero
2026042501*2,2026-08-16..2026-08-23,1,0,,,verified_zero
2026042501*2,2026-08-23..2026-08-30,1,0,,,verified_zero
2026042501*2,2026-08-30..2026-09-06,1,0,,,verified_zero
2026042501*2,2026-09-06..2026-09-13,1,0,,,verified_zero
2026042501*4,2026-08-09..2026-08-16,1,0,,,verified_zero
2026042501*4,2026-08-16..2026-08-23,1,0,,,verified_zero
2026042501*4,2026-08-23..2026-08-30,1,0,,,verified_zero
2026042501*4,2026-08-30..2026-09-06,1,0,,,verified_zero
2026042501*4,2026-09-06..2026-09-13,1,0,,,verified_zero
2026042504,2026-08-09..2026-08-16,1,1,186,186.0000,aggregate_row
2026042504,2026-08-16..2026-08-23,1,1,166,168.0000,aggregate_row
2026042504,2026-08-23..2026-08-30,1,1,283,283.0000,aggregate_row
2026042504,2026-08-30..2026-09-06,1,1,263,263.0000,aggregate_row
2026042504,2026-09-06..2026-09-13,1,1,194,194.0000,aggregate_row
2026050501,2026-08-09..2026-08-16,1,1,22,24.0000,aggregate_row
2026050501,2026-08-16..2026-08-23,1,1,26,34.0000,aggregate_row
2026050501,2026-08-23..2026-08-30,1,1,34,39.0000,aggregate_row
2026050501,2026-08-30..2026-09-06,1,1,38,40.0000,aggregate_row
2026050501,2026-09-06..2026-09-13,1,1,40,45.0000,aggregate_row
2026050603,2026-08-09..2026-08-16,1,1,1,1.0000,aggregate_row
2026050603,2026-08-16..2026-08-23,1,0,,,verified_zero
2026050603,2026-08-23..2026-08-30,1,0,,,verified_zero
2026050603,2026-08-30..2026-09-06,1,0,,,verified_zero
2026050603,2026-09-06..2026-09-13,1,1,1,1.0000,aggregate_row
2026050603*2,2026-08-09..2026-08-16,1,1,19,19.0000,aggregate_row
2026050603*2,2026-08-16..2026-08-23,1,1,7,7.0000,aggregate_row
2026050603*2,2026-08-23..2026-08-30,1,1,10,10.0000,aggregate_row
2026050603*2,2026-08-30..2026-09-06,1,1,1,1.0000,aggregate_row
2026050603*2,2026-09-06..2026-09-13,1,1,14,15.0000,aggregate_row
2026050603*2+2026050604*2,2026-08-09..2026-08-16,1,1,17,17.0000,aggregate_row
2026050603*2+2026050604*2,2026-08-16..2026-08-23,1,1,9,9.0000,aggregate_row
2026050603*2+2026050604*2,2026-08-23..2026-08-30,1,1,6,6.0000,aggregate_row
2026050603*2+2026050604*2,2026-08-30..2026-09-06,1,1,4,4.0000,aggregate_row
2026050603*2+2026050604*2,2026-09-06..2026-09-13,1,1,8,8.0000,aggregate_row
2026050603*3+2026050604*3,2026-08-09..2026-08-16,1,1,2,2.0000,aggregate_row
2026050603*3+2026050604*3,2026-08-16..2026-08-23,1,1,1,1.0000,aggregate_row
2026050603*3+2026050604*3,2026-08-23..2026-08-30,1,1,2,2.0000,aggregate_row
2026050603*3+2026050604*3,2026-08-30..2026-09-06,1,1,1,1.0000,aggregate_row
2026050603*3+2026050604*3,2026-09-06..2026-09-13,1,1,1,1.0000,aggregate_row
2026050603*4,2026-08-09..2026-08-16,1,1,11,11.0000,aggregate_row
2026050603*4,2026-08-16..2026-08-23,1,1,4,4.0000,aggregate_row
2026050603*4,2026-08-23..2026-08-30,1,1,4,4.0000,aggregate_row
2026050603*4,2026-08-30..2026-09-06,1,1,1,1.0000,aggregate_row
2026050603*4,2026-09-06..2026-09-13,1,1,5,7.0000,aggregate_row
2026050604*10+2024042502*10,2026-08-09..2026-08-16,1,0,,,verified_zero
2026050604*10+2024042502*10,2026-08-16..2026-08-23,1,0,,,verified_zero
2026050604*10+2024042502*10,2026-08-23..2026-08-30,1,0,,,verified_zero
2026050604*10+2024042502*10,2026-08-30..2026-09-06,1,1,15,15.0000,aggregate_row
2026050604*10+2024042502*10,2026-09-06..2026-09-13,1,1,18,18.0000,aggregate_row
2026050604*10+2026050603*10,2026-08-09..2026-08-16,1,1,17,20.0000,aggregate_row
2026050604*10+2026050603*10,2026-08-16..2026-08-23,1,1,15,15.0000,aggregate_row
2026050604*10+2026050603*10,2026-08-23..2026-08-30,1,1,14,14.0000,aggregate_row
2026050604*10+2026050603*10,2026-08-30..2026-09-06,1,0,,,verified_zero
2026050604*10+2026050603*10,2026-09-06..2026-09-13,1,0,,,verified_zero
2026050604*15+2026050603*15,2026-08-09..2026-08-16,1,1,4,4.0000,aggregate_row
2026050604*15+2026050603*15,2026-08-16..2026-08-23,1,1,3,3.0000,aggregate_row
2026050604*15+2026050603*15,2026-08-23..2026-08-30,1,1,2,2.0000,aggregate_row
2026050604*15+2026050603*15,2026-08-30..2026-09-06,1,0,,,verified_zero
2026050604*15+2026050603*15,2026-09-06..2026-09-13,1,0,,,verified_zero
2026050604*4,2026-08-09..2026-08-16,1,1,7,7.0000,aggregate_row
2026050604*4,2026-08-16..2026-08-23,1,1,3,4.0000,aggregate_row
2026050604*4,2026-08-23..2026-08-30,1,1,3,3.0000,aggregate_row
2026050604*4,2026-08-30..2026-09-06,1,1,4,6.0000,aggregate_row
2026050604*4,2026-09-06..2026-09-13,1,1,6,6.0000,aggregate_row
2026050604*5+2024042502*5,2026-08-09..2026-08-16,1,0,,,verified_zero
2026050604*5+2024042502*5,2026-08-16..2026-08-23,1,0,,,verified_zero
2026050604*5+2024042502*5,2026-08-23..2026-08-30,1,1,2,2.0000,aggregate_row
2026050604*5+2024042502*5,2026-08-30..2026-09-06,1,1,9,9.0000,aggregate_row
2026050604*5+2024042502*5,2026-09-06..2026-09-13,1,1,14,14.0000,aggregate_row
2026050604*50,2026-08-09..2026-08-16,1,1,8,9.0000,aggregate_row
2026050604*50,2026-08-16..2026-08-23,1,1,7,8.0000,aggregate_row
2026050604*50,2026-08-23..2026-08-30,1,1,3,3.0000,aggregate_row
2026050604*50,2026-08-30..2026-09-06,1,1,7,8.0000,aggregate_row
2026050604*50,2026-09-06..2026-09-13,1,1,6,6.0000,aggregate_row
2026050604*6,2026-08-09..2026-08-16,1,1,4,4.0000,aggregate_row
2026050604*6,2026-08-16..2026-08-23,1,1,3,5.0000,aggregate_row
2026050604*6,2026-08-23..2026-08-30,1,1,4,7.0000,aggregate_row
2026050604*6,2026-08-30..2026-09-06,1,1,1,1.0000,aggregate_row
2026050604*6,2026-09-06..2026-09-13,1,1,2,3.0000,aggregate_row
2026050901,2026-08-09..2026-08-16,1,1,11,11.0000,aggregate_row
2026050901,2026-08-16..2026-08-23,1,1,6,6.0000,aggregate_row
2026050901,2026-08-23..2026-08-30,1,1,13,13.0000,aggregate_row
2026050901,2026-08-30..2026-09-06,1,1,7,7.0000,aggregate_row
2026050901,2026-09-06..2026-09-13,1,1,1,1.0000,aggregate_row
2026050901*3,2026-08-09..2026-08-16,1,1,55,55.0000,aggregate_row
2026050901*3,2026-08-16..2026-08-23,1,1,28,28.0000,aggregate_row
2026050901*3,2026-08-23..2026-08-30,1,1,31,31.0000,aggregate_row
2026050901*3,2026-08-30..2026-09-06,1,1,24,24.0000,aggregate_row
2026050901*3,2026-09-06..2026-09-13,1,1,13,13.0000,aggregate_row
2026050901*4,2026-08-09..2026-08-16,1,1,420,420.0000,aggregate_row
2026050901*4,2026-08-16..2026-08-23,1,1,255,256.0000,aggregate_row
2026050901*4,2026-08-23..2026-08-30,1,1,27,27.0000,aggregate_row
2026050901*4,2026-08-30..2026-09-06,1,1,50,50.0000,aggregate_row
2026050901*4,2026-09-06..2026-09-13,1,1,38,39.0000,aggregate_row
2026050901*5,2026-08-09..2026-08-16,1,1,39,40.0000,aggregate_row
2026050901*5,2026-08-16..2026-08-23,1,1,29,29.0000,aggregate_row
2026050901*5,2026-08-23..2026-08-30,1,1,25,35.0000,aggregate_row
2026050901*5,2026-08-30..2026-09-06,1,1,11,11.0000,aggregate_row
2026050901*5,2026-09-06..2026-09-13,1,1,9,10.0000,aggregate_row
2026050901*7,2026-08-09..2026-08-16,1,1,86,89.0000,aggregate_row
2026050901*7,2026-08-16..2026-08-23,1,1,52,53.0000,aggregate_row
2026050901*7,2026-08-23..2026-08-30,1,1,19,21.0000,aggregate_row
2026050901*7,2026-08-30..2026-09-06,1,1,19,19.0000,aggregate_row
2026050901*7,2026-09-06..2026-09-13,1,1,9,9.0000,aggregate_row
2026051401,2026-08-09..2026-08-16,1,1,2,2.0000,aggregate_row
2026051401,2026-08-16..2026-08-23,1,1,4,4.0000,aggregate_row
2026051401,2026-08-23..2026-08-30,1,1,2,2.0000,aggregate_row
2026051401,2026-08-30..2026-09-06,1,1,3,3.0000,aggregate_row
2026051401,2026-09-06..2026-09-13,1,1,2,2.0000,aggregate_row
2026051402,2026-08-09..2026-08-16,1,1,14,15.0000,aggregate_row
2026051402,2026-08-16..2026-08-23,1,1,9,9.0000,aggregate_row
2026051402,2026-08-23..2026-08-30,1,1,5,5.0000,aggregate_row
2026051402,2026-08-30..2026-09-06,1,1,3,4.0000,aggregate_row
2026051402,2026-09-06..2026-09-13,1,1,5,6.0000,aggregate_row
2026051802*2,2026-08-09..2026-08-16,1,1,8,8.0000,aggregate_row
2026051802*2,2026-08-16..2026-08-23,1,1,2,2.0000,aggregate_row
2026051802*2,2026-08-23..2026-08-30,1,0,,,verified_zero
2026051802*2,2026-08-30..2026-09-06,1,0,,,verified_zero
2026051802*2,2026-09-06..2026-09-13,1,1,2,2.0000,aggregate_row
2026052302,2026-08-09..2026-08-16,1,1,215,237.0000,aggregate_row
2026052302,2026-08-16..2026-08-23,1,1,110,116.0000,aggregate_row
2026052302,2026-08-23..2026-08-30,1,1,82,100.0000,aggregate_row
2026052302,2026-08-30..2026-09-06,1,0,,,verified_zero
2026052302,2026-09-06..2026-09-13,1,0,,,verified_zero
2026052801*10,2026-08-09..2026-08-16,1,1,100,100.0000,aggregate_row
2026052801*10,2026-08-16..2026-08-23,1,1,204,204.0000,aggregate_row
2026052801*10,2026-08-23..2026-08-30,1,1,242,242.0000,aggregate_row
2026052801*10,2026-08-30..2026-09-06,1,1,214,214.0000,aggregate_row
2026052801*10,2026-09-06..2026-09-13,1,1,229,230.0000,aggregate_row
2026052801*5,2026-08-09..2026-08-16,1,1,64,65.0000,aggregate_row
2026052801*5,2026-08-16..2026-08-23,1,1,99,99.0000,aggregate_row
2026052801*5,2026-08-23..2026-08-30,1,1,138,139.0000,aggregate_row
2026052801*5,2026-08-30..2026-09-06,1,1,102,102.0000,aggregate_row
2026052801*5,2026-09-06..2026-09-13,1,1,121,121.0000,aggregate_row
2026060301,2026-08-09..2026-08-16,1,1,59,59.0000,aggregate_row
2026060301,2026-08-16..2026-08-23,1,1,58,60.0000,aggregate_row
2026060301,2026-08-23..2026-08-30,1,1,35,35.0000,aggregate_row
2026060301,2026-08-30..2026-09-06,1,1,36,36.0000,aggregate_row
2026060301,2026-09-06..2026-09-13,1,1,19,23.0000,aggregate_row
2026060302,2026-08-09..2026-08-16,1,1,183,184.0000,aggregate_row
2026060302,2026-08-16..2026-08-23,1,1,131,131.0000,aggregate_row
2026060302,2026-08-23..2026-08-30,1,1,99,99.0000,aggregate_row
2026060302,2026-08-30..2026-09-06,1,1,69,70.0000,aggregate_row
2026060302,2026-09-06..2026-09-13,1,1,41,41.0000,aggregate_row
2026060303,2026-08-09..2026-08-16,1,1,36,36.0000,aggregate_row
2026060303,2026-08-16..2026-08-23,1,1,29,29.0000,aggregate_row
2026060303,2026-08-23..2026-08-30,1,1,22,22.0000,aggregate_row
2026060303,2026-08-30..2026-09-06,1,1,10,10.0000,aggregate_row
2026060303,2026-09-06..2026-09-13,1,1,6,6.0000,aggregate_row
2026061302,2026-08-09..2026-08-16,1,1,128,133.0000,aggregate_row
2026061302,2026-08-16..2026-08-23,1,1,106,115.0000,aggregate_row
2026061302,2026-08-23..2026-08-30,1,1,87,93.0000,aggregate_row
2026061302,2026-08-30..2026-09-06,1,1,109,113.0000,aggregate_row
2026061302,2026-09-06..2026-09-13,1,1,98,102.0000,aggregate_row
2026061302*10,2026-08-09..2026-08-16,1,1,157,166.0000,aggregate_row
2026061302*10,2026-08-16..2026-08-23,1,1,147,160.0000,aggregate_row
2026061302*10,2026-08-23..2026-08-30,1,1,55,58.0000,aggregate_row
2026061302*10,2026-08-30..2026-09-06,1,1,64,71.0000,aggregate_row
2026061302*10,2026-09-06..2026-09-13,1,1,126,152.0000,aggregate_row
2026061302*2,2026-08-09..2026-08-16,1,1,101,101.0000,aggregate_row
2026061302*2,2026-08-16..2026-08-23,1,1,74,75.0000,aggregate_row
2026061302*2,2026-08-23..2026-08-30,1,1,107,108.0000,aggregate_row
2026061302*2,2026-08-30..2026-09-06,1,1,112,113.0000,aggregate_row
2026061302*2,2026-09-06..2026-09-13,1,1,111,111.0000,aggregate_row
2026061302*3,2026-08-09..2026-08-16,1,1,330,331.0000,aggregate_row
2026061302*3,2026-08-16..2026-08-23,1,1,196,197.0000,aggregate_row
2026061302*3,2026-08-23..2026-08-30,1,1,212,214.0000,aggregate_row
2026061302*3,2026-08-30..2026-09-06,1,1,174,175.0000,aggregate_row
2026061302*3,2026-09-06..2026-09-13,1,1,174,176.0000,aggregate_row
2026061302*5,2026-08-09..2026-08-16,1,1,2362,2436.0000,aggregate_row
2026061302*5,2026-08-16..2026-08-23,1,1,2019,2074.0000,aggregate_row
2026061302*5,2026-08-23..2026-08-30,1,1,2568,2659.0000,aggregate_row
2026061302*5,2026-08-30..2026-09-06,1,1,3325,3395.0000,aggregate_row
2026061302*5,2026-09-06..2026-09-13,1,1,3838,3923.0000,aggregate_row
2026061302*6,2026-08-09..2026-08-16,1,1,27,27.0000,aggregate_row
2026061302*6,2026-08-16..2026-08-23,1,1,28,30.0000,aggregate_row
2026061302*6,2026-08-23..2026-08-30,1,1,22,22.0000,aggregate_row
2026061302*6,2026-08-30..2026-09-06,1,1,54,58.0000,aggregate_row
2026061302*6,2026-09-06..2026-09-13,1,1,52,65.0000,aggregate_row
2026061302*8,2026-08-09..2026-08-16,1,1,29,38.0000,aggregate_row
2026061302*8,2026-08-16..2026-08-23,1,1,25,27.0000,aggregate_row
2026061302*8,2026-08-23..2026-08-30,1,1,18,31.0000,aggregate_row
2026061302*8,2026-08-30..2026-09-06,1,1,43,44.0000,aggregate_row
2026061302*8,2026-09-06..2026-09-13,1,1,52,56.0000,aggregate_row
2026061701,2026-08-09..2026-08-16,1,1,5,5.0000,aggregate_row
2026061701,2026-08-16..2026-08-23,1,1,5,5.0000,aggregate_row
2026061701,2026-08-23..2026-08-30,1,1,5,5.0000,aggregate_row
2026061701,2026-08-30..2026-09-06,1,1,4,4.0000,aggregate_row
2026061701,2026-09-06..2026-09-13,1,1,4,4.0000,aggregate_row
2026061702,2026-08-09..2026-08-16,1,1,3,3.0000,aggregate_row
2026061702,2026-08-16..2026-08-23,1,1,2,11.0000,aggregate_row
2026061702,2026-08-23..2026-08-30,1,1,3,3.0000,aggregate_row
2026061702,2026-08-30..2026-09-06,1,1,4,4.0000,aggregate_row
2026061702,2026-09-06..2026-09-13,1,1,2,2.0000,aggregate_row
2026061704*2,2026-08-09..2026-08-16,1,1,8,11.0000,aggregate_row
2026061704*2,2026-08-16..2026-08-23,1,1,4,54.0000,aggregate_row
2026061704*2,2026-08-23..2026-08-30,1,1,6,18.0000,aggregate_row
2026061704*2,2026-08-30..2026-09-06,1,1,9,18.0000,aggregate_row
2026061704*2,2026-09-06..2026-09-13,1,1,3,10.0000,aggregate_row
2026062401,2026-08-09..2026-08-16,1,1,25,25.0000,aggregate_row
2026062401,2026-08-16..2026-08-23,1,1,18,18.0000,aggregate_row
2026062401,2026-08-23..2026-08-30,1,1,22,22.0000,aggregate_row
2026062401,2026-08-30..2026-09-06,1,1,17,17.0000,aggregate_row
2026062401,2026-09-06..2026-09-13,1,1,8,8.0000,aggregate_row
2026062501,2026-08-09..2026-08-16,1,1,67,68.0000,aggregate_row
2026062501,2026-08-16..2026-08-23,1,1,120,120.0000,aggregate_row
2026062501,2026-08-23..2026-08-30,1,1,120,121.0000,aggregate_row
2026062501,2026-08-30..2026-09-06,1,1,201,208.0000,aggregate_row
2026062501,2026-09-06..2026-09-13,1,1,119,120.0000,aggregate_row
2026062501*2,2026-08-09..2026-08-16,1,1,193,195.0000,aggregate_row
2026062501*2,2026-08-16..2026-08-23,1,1,196,201.0000,aggregate_row
2026062501*2,2026-08-23..2026-08-30,1,1,181,186.0000,aggregate_row
2026062501*2,2026-08-30..2026-09-06,1,1,246,248.0000,aggregate_row
2026062501*2,2026-09-06..2026-09-13,1,1,259,263.0000,aggregate_row
2026062501*2+2025081001,2026-08-09..2026-08-16,1,1,349,353.0000,aggregate_row
2026062501*2+2025081001,2026-08-16..2026-08-23,1,1,1120,1129.0000,aggregate_row
2026062501*2+2025081001,2026-08-23..2026-08-30,1,1,344,344.0000,aggregate_row
2026062501*2+2025081001,2026-08-30..2026-09-06,1,1,64,65.0000,aggregate_row
2026062501*2+2025081001,2026-09-06..2026-09-13,1,1,77,77.0000,aggregate_row
2026062501+2025081001,2026-08-09..2026-08-16,1,1,288,290.0000,aggregate_row
2026062501+2025081001,2026-08-16..2026-08-23,1,1,1049,1051.0000,aggregate_row
2026062501+2025081001,2026-08-23..2026-08-30,1,1,302,302.0000,aggregate_row
2026062501+2025081001,2026-08-30..2026-09-06,1,1,45,45.0000,aggregate_row
2026062501+2025081001,2026-09-06..2026-09-13,1,1,42,42.0000,aggregate_row
2026070601*5,2026-08-09..2026-08-16,1,1,230,236.0000,aggregate_row
2026070601*5,2026-08-16..2026-08-23,1,1,159,160.0000,aggregate_row
2026070601*5,2026-08-23..2026-08-30,1,1,711,721.0000,aggregate_row
2026070601*5,2026-08-30..2026-09-06,1,1,181,189.0000,aggregate_row
2026070601*5,2026-09-06..2026-09-13,1,1,1853,1885.0000,aggregate_row
2026070701,2026-08-09..2026-08-16,1,1,19,20.0000,aggregate_row
2026070701,2026-08-16..2026-08-23,1,1,10,11.0000,aggregate_row
2026070701,2026-08-23..2026-08-30,1,1,14,16.0000,aggregate_row
2026070701,2026-08-30..2026-09-06,1,1,35,38.0000,aggregate_row
2026070701,2026-09-06..2026-09-13,1,1,37,41.0000,aggregate_row
2026070702,2026-08-09..2026-08-16,1,1,22,23.0000,aggregate_row
2026070702,2026-08-16..2026-08-23,1,1,15,17.0000,aggregate_row
2026070702,2026-08-23..2026-08-30,1,1,9,10.0000,aggregate_row
2026070702,2026-08-30..2026-09-06,1,1,5,7.0000,aggregate_row
2026070702,2026-09-06..2026-09-13,1,1,7,7.0000,aggregate_row
2026070801*10,2026-08-09..2026-08-16,1,1,51,51.0000,aggregate_row
2026070801*10,2026-08-16..2026-08-23,1,1,36,37.0000,aggregate_row
2026070801*10,2026-08-23..2026-08-30,1,1,70,71.0000,aggregate_row
2026070801*10,2026-08-30..2026-09-06,1,1,74,78.0000,aggregate_row
2026070801*10,2026-09-06..2026-09-13,1,1,37,38.0000,aggregate_row
2026070801*10+2026070802*10,2026-08-09..2026-08-16,1,1,72,72.0000,aggregate_row
2026070801*10+2026070802*10,2026-08-16..2026-08-23,1,1,53,53.0000,aggregate_row
2026070801*10+2026070802*10,2026-08-23..2026-08-30,1,1,81,81.0000,aggregate_row
2026070801*10+2026070802*10,2026-08-30..2026-09-06,1,1,84,84.0000,aggregate_row
2026070801*10+2026070802*10,2026-09-06..2026-09-13,1,1,45,45.0000,aggregate_row
2026070801*20+2026070802*20,2026-08-09..2026-08-16,1,1,4,4.0000,aggregate_row
2026070801*20+2026070802*20,2026-08-16..2026-08-23,1,1,2,2.0000,aggregate_row
2026070801*20+2026070802*20,2026-08-23..2026-08-30,1,1,6,6.0000,aggregate_row
2026070801*20+2026070802*20,2026-08-30..2026-09-06,1,1,9,9.0000,aggregate_row
2026070801*20+2026070802*20,2026-09-06..2026-09-13,1,1,3,3.0000,aggregate_row
2026070801*4,2026-08-09..2026-08-16,1,1,4,4.0000,aggregate_row
2026070801*4,2026-08-16..2026-08-23,1,1,3,3.0000,aggregate_row
2026070801*4,2026-08-23..2026-08-30,1,1,14,14.0000,aggregate_row
2026070801*4,2026-08-30..2026-09-06,1,1,8,8.0000,aggregate_row
2026070801*4,2026-09-06..2026-09-13,1,1,7,7.0000,aggregate_row
2026070801*5+2026070802*5,2026-08-09..2026-08-16,1,1,32,32.0000,aggregate_row
2026070801*5+2026070802*5,2026-08-16..2026-08-23,1,1,12,12.0000,aggregate_row
2026070801*5+2026070802*5,2026-08-23..2026-08-30,1,1,23,23.0000,aggregate_row
2026070801*5+2026070802*5,2026-08-30..2026-09-06,1,1,16,16.0000,aggregate_row
2026070801*5+2026070802*5,2026-09-06..2026-09-13,1,1,20,21.0000,aggregate_row
2026070802*10,2026-08-09..2026-08-16,1,1,73,81.0000,aggregate_row
2026070802*10,2026-08-16..2026-08-23,1,1,60,63.0000,aggregate_row
2026070802*10,2026-08-23..2026-08-30,1,1,83,87.0000,aggregate_row
2026070802*10,2026-08-30..2026-09-06,1,1,73,77.0000,aggregate_row
2026070802*10,2026-09-06..2026-09-13,1,1,34,35.0000,aggregate_row
2026070806,2026-08-09..2026-08-16,1,1,180,204.0000,aggregate_row
2026070806,2026-08-16..2026-08-23,1,1,37,40.0000,aggregate_row
2026070806,2026-08-23..2026-08-30,1,1,51,57.0000,aggregate_row
2026070806,2026-08-30..2026-09-06,1,1,136,145.0000,aggregate_row
2026070806,2026-09-06..2026-09-13,1,1,247,268.0000,aggregate_row
2026070807,2026-08-09..2026-08-16,1,1,54,58.0000,aggregate_row
2026070807,2026-08-16..2026-08-23,1,1,59,59.0000,aggregate_row
2026070807,2026-08-23..2026-08-30,1,1,97,98.0000,aggregate_row
2026070807,2026-08-30..2026-09-06,1,1,145,147.0000,aggregate_row
2026070807,2026-09-06..2026-09-13,1,1,287,290.0000,aggregate_row
2026070808,2026-08-09..2026-08-16,1,1,409,458.0000,aggregate_row
2026070808,2026-08-16..2026-08-23,1,1,313,350.0000,aggregate_row
2026070808,2026-08-23..2026-08-30,1,1,337,385.0000,aggregate_row
2026070808,2026-08-30..2026-09-06,1,1,500,552.0000,aggregate_row
2026070808,2026-09-06..2026-09-13,1,1,826,870.0000,aggregate_row
2026071201,2026-08-09..2026-08-16,1,1,23,23.0000,aggregate_row
2026071201,2026-08-16..2026-08-23,1,1,26,26.0000,aggregate_row
2026071201,2026-08-23..2026-08-30,1,1,27,27.0000,aggregate_row
2026071201,2026-08-30..2026-09-06,1,1,32,33.0000,aggregate_row
2026071201,2026-09-06..2026-09-13,1,1,30,30.0000,aggregate_row
2026071202,2026-08-09..2026-08-16,1,1,6,6.0000,aggregate_row
2026071202,2026-08-16..2026-08-23,1,1,8,8.0000,aggregate_row
2026071202,2026-08-23..2026-08-30,1,1,7,7.0000,aggregate_row
2026071202,2026-08-30..2026-09-06,1,1,5,5.0000,aggregate_row
2026071202,2026-09-06..2026-09-13,1,1,8,8.0000,aggregate_row
2026071203,2026-08-09..2026-08-16,1,1,2,2.0000,aggregate_row
2026071203,2026-08-16..2026-08-23,1,1,3,4.0000,aggregate_row
2026071203,2026-08-23..2026-08-30,1,1,7,7.0000,aggregate_row
2026071203,2026-08-30..2026-09-06,1,0,,,verified_zero
2026071203,2026-09-06..2026-09-13,1,1,4,5.0000,aggregate_row
2026071301,2026-08-09..2026-08-16,1,1,28,30.0000,aggregate_row
2026071301,2026-08-16..2026-08-23,1,1,13,14.0000,aggregate_row
2026071301,2026-08-23..2026-08-30,1,1,22,22.0000,aggregate_row
2026071301,2026-08-30..2026-09-06,1,1,47,49.0000,aggregate_row
2026071301,2026-09-06..2026-09-13,1,1,215,220.0000,aggregate_row
2026071302,2026-08-09..2026-08-16,1,1,38,39.0000,aggregate_row
2026071302,2026-08-16..2026-08-23,1,1,20,20.0000,aggregate_row
2026071302,2026-08-23..2026-08-30,1,1,23,24.0000,aggregate_row
2026071302,2026-08-30..2026-09-06,1,1,25,25.0000,aggregate_row
2026071302,2026-09-06..2026-09-13,1,1,84,86.0000,aggregate_row
2026071505,2026-08-09..2026-08-16,1,1,11,11.0000,aggregate_row
2026071505,2026-08-16..2026-08-23,1,1,1,1.0000,aggregate_row
2026071505,2026-08-23..2026-08-30,1,1,3,3.0000,aggregate_row
2026071505,2026-08-30..2026-09-06,1,1,1,1.0000,aggregate_row
2026071505,2026-09-06..2026-09-13,1,1,2,2.0000,aggregate_row
2026071505*2,2026-08-09..2026-08-16,1,0,,,verified_zero
2026071505*2,2026-08-16..2026-08-23,1,1,1,1.0000,aggregate_row
2026071505*2,2026-08-23..2026-08-30,1,1,1,1.0000,aggregate_row
2026071505*2,2026-08-30..2026-09-06,1,0,,,verified_zero
2026071505*2,2026-09-06..2026-09-13,1,1,1,1.0000,aggregate_row
2026071506,2026-08-09..2026-08-16,1,1,4,5.0000,aggregate_row
2026071506,2026-08-16..2026-08-23,1,1,1,1.0000,aggregate_row
2026071506,2026-08-23..2026-08-30,1,1,2,2.0000,aggregate_row
2026071506,2026-08-30..2026-09-06,1,0,,,verified_zero
2026071506,2026-09-06..2026-09-13,1,1,2,2.0000,aggregate_row
2026071506*3,2026-08-09..2026-08-16,1,0,,,verified_zero
2026071506*3,2026-08-16..2026-08-23,1,0,,,verified_zero
2026071506*3,2026-08-23..2026-08-30,1,0,,,verified_zero
2026071506*3,2026-08-30..2026-09-06,1,0,,,verified_zero
2026071506*3,2026-09-06..2026-09-13,1,1,1,1.0000,aggregate_row
2026071603,2026-08-09..2026-08-16,1,1,21,21.0000,aggregate_row
2026071603,2026-08-16..2026-08-23,1,1,9,9.0000,aggregate_row
2026071603,2026-08-23..2026-08-30,1,1,12,12.0000,aggregate_row
2026071603,2026-08-30..2026-09-06,1,1,5,5.0000,aggregate_row
2026071603,2026-09-06..2026-09-13,1,1,2,2.0000,aggregate_row
2026071603*2,2026-08-09..2026-08-16,1,1,4,4.0000,aggregate_row
2026071603*2,2026-08-16..2026-08-23,1,1,5,5.0000,aggregate_row
2026071603*2,2026-08-23..2026-08-30,1,1,6,6.0000,aggregate_row
2026071603*2,2026-08-30..2026-09-06,1,1,10,10.0000,aggregate_row
2026071603*2,2026-09-06..2026-09-13,1,1,5,5.0000,aggregate_row
2026071604+2026071603,2026-08-09..2026-08-16,1,1,4,4.0000,aggregate_row
2026071604+2026071603,2026-08-16..2026-08-23,1,1,1,1.0000,aggregate_row
2026071604+2026071603,2026-08-23..2026-08-30,1,1,5,5.0000,aggregate_row
2026071604+2026071603,2026-08-30..2026-09-06,1,1,1,1.0000,aggregate_row
2026071604+2026071603,2026-09-06..2026-09-13,1,1,5,5.0000,aggregate_row
2026071704,2026-08-09..2026-08-16,1,1,84,94.0000,aggregate_row
2026071704,2026-08-16..2026-08-23,1,1,63,64.0000,aggregate_row
2026071704,2026-08-23..2026-08-30,1,1,85,88.0000,aggregate_row
2026071704,2026-08-30..2026-09-06,1,1,89,93.0000,aggregate_row
2026071704,2026-09-06..2026-09-13,1,1,129,137.0000,aggregate_row
2026071706,2026-08-09..2026-08-16,1,1,17,18.0000,aggregate_row
2026071706,2026-08-16..2026-08-23,1,1,17,17.0000,aggregate_row
2026071706,2026-08-23..2026-08-30,1,1,16,18.0000,aggregate_row
2026071706,2026-08-30..2026-09-06,1,1,21,22.0000,aggregate_row
2026071706,2026-09-06..2026-09-13,1,1,15,15.0000,aggregate_row
2026071801,2026-08-09..2026-08-16,1,1,24,24.0000,aggregate_row
2026071801,2026-08-16..2026-08-23,1,1,9,9.0000,aggregate_row
2026071801,2026-08-23..2026-08-30,1,1,9,9.0000,aggregate_row
2026071801,2026-08-30..2026-09-06,1,1,12,12.0000,aggregate_row
2026071801,2026-09-06..2026-09-13,1,1,7,7.0000,aggregate_row
2026071804,2026-08-09..2026-08-16,1,1,21,65.0000,aggregate_row
2026071804,2026-08-16..2026-08-23,1,1,22,25.0000,aggregate_row
2026071804,2026-08-23..2026-08-30,1,1,14,40.0000,aggregate_row
2026071804,2026-08-30..2026-09-06,1,1,26,35.0000,aggregate_row
2026071804,2026-09-06..2026-09-13,1,1,22,89.0000,aggregate_row
2026072101,2026-08-09..2026-08-16,1,1,7,7.0000,aggregate_row
2026072101,2026-08-16..2026-08-23,1,1,6,6.0000,aggregate_row
2026072101,2026-08-23..2026-08-30,1,1,7,7.0000,aggregate_row
2026072101,2026-08-30..2026-09-06,1,1,10,10.0000,aggregate_row
2026072101,2026-09-06..2026-09-13,1,1,4,12.0000,aggregate_row
2026072101*2+2026072102*2,2026-08-09..2026-08-16,1,1,495,529.0000,aggregate_row
2026072101*2+2026072102*2,2026-08-16..2026-08-23,1,1,339,386.0000,aggregate_row
2026072101*2+2026072102*2,2026-08-23..2026-08-30,1,1,524,558.0000,aggregate_row
2026072101*2+2026072102*2,2026-08-30..2026-09-06,1,1,297,310.0000,aggregate_row
2026072101*2+2026072102*2,2026-09-06..2026-09-13,1,1,294,325.0000,aggregate_row
2026072101*4,2026-08-09..2026-08-16,1,1,102,115.0000,aggregate_row
2026072101*4,2026-08-16..2026-08-23,1,1,77,90.0000,aggregate_row
2026072101*4,2026-08-23..2026-08-30,1,1,93,99.0000,aggregate_row
2026072101*4,2026-08-30..2026-09-06,1,1,47,49.0000,aggregate_row
2026072101*4,2026-09-06..2026-09-13,1,1,55,62.0000,aggregate_row
2026072101*5,2026-08-09..2026-08-16,1,1,3,3.0000,aggregate_row
2026072101*5,2026-08-16..2026-08-23,1,1,2,2.0000,aggregate_row
2026072101*5,2026-08-23..2026-08-30,1,1,3,3.0000,aggregate_row
2026072101*5,2026-08-30..2026-09-06,1,1,2,2.0000,aggregate_row
2026072101*5,2026-09-06..2026-09-13,1,1,1,1.0000,aggregate_row
2026072101+2026072102,2026-08-09..2026-08-16,1,1,97,98.0000,aggregate_row
2026072101+2026072102,2026-08-16..2026-08-23,1,1,54,58.0000,aggregate_row
2026072101+2026072102,2026-08-23..2026-08-30,1,1,63,69.0000,aggregate_row
2026072101+2026072102,2026-08-30..2026-09-06,1,1,52,55.0000,aggregate_row
2026072101+2026072102,2026-09-06..2026-09-13,1,1,80,80.0000,aggregate_row
2026072102*4,2026-08-09..2026-08-16,1,1,62,63.0000,aggregate_row
2026072102*4,2026-08-16..2026-08-23,1,1,44,48.0000,aggregate_row
2026072102*4,2026-08-23..2026-08-30,1,1,67,73.0000,aggregate_row
2026072102*4,2026-08-30..2026-09-06,1,1,43,48.0000,aggregate_row
2026072102*4,2026-09-06..2026-09-13,1,1,47,52.0000,aggregate_row
2026073001*20,2026-08-09..2026-08-16,1,1,74,74.0000,aggregate_row
2026073001*20,2026-08-16..2026-08-23,1,1,22,23.0000,aggregate_row
2026073001*20,2026-08-23..2026-08-30,1,1,15,15.0000,aggregate_row
2026073001*20,2026-08-30..2026-09-06,1,1,41,41.0000,aggregate_row
2026073001*20,2026-09-06..2026-09-13,1,1,17,17.0000,aggregate_row
2026073001*5,2026-08-09..2026-08-16,1,1,49,50.0000,aggregate_row
2026073001*5,2026-08-16..2026-08-23,1,1,22,22.0000,aggregate_row
2026073001*5,2026-08-23..2026-08-30,1,1,14,14.0000,aggregate_row
2026073001*5,2026-08-30..2026-09-06,1,1,39,40.0000,aggregate_row
2026073001*5,2026-09-06..2026-09-13,1,1,12,13.0000,aggregate_row
2026080402,2026-08-09..2026-08-16,1,0,,,verified_zero
2026080402,2026-08-16..2026-08-23,1,1,8,8.0000,aggregate_row
2026080402,2026-08-23..2026-08-30,1,1,1723,1725.0000,aggregate_row
2026080402,2026-08-30..2026-09-06,1,1,6294,6300.0000,aggregate_row
2026080402,2026-09-06..2026-09-13,1,1,2741,2748.0000,aggregate_row
2026080402*2,2026-08-09..2026-08-16,1,0,,,verified_zero
2026080402*2,2026-08-16..2026-08-23,1,0,,,verified_zero
2026080402*2,2026-08-23..2026-08-30,1,1,73,73.0000,aggregate_row
2026080402*2,2026-08-30..2026-09-06,1,1,539,591.0000,aggregate_row
2026080402*2,2026-09-06..2026-09-13,1,1,308,315.0000,aggregate_row
2026080604,2026-08-09..2026-08-16,1,1,1,2.0000,aggregate_row
2026080604,2026-08-16..2026-08-23,1,1,1,1.0000,aggregate_row
2026080604,2026-08-23..2026-08-30,1,1,1,1.0000,aggregate_row
2026080604,2026-08-30..2026-09-06,1,0,,,verified_zero
2026080604,2026-09-06..2026-09-13,1,0,,,verified_zero
2026080613,2026-08-09..2026-08-16,1,1,108,109.0000,aggregate_row
2026080613,2026-08-16..2026-08-23,1,1,122,123.0000,aggregate_row
2026080613,2026-08-23..2026-08-30,1,1,257,257.0000,aggregate_row
2026080613,2026-08-30..2026-09-06,1,1,364,364.0000,aggregate_row
2026080613,2026-09-06..2026-09-13,1,1,98,98.0000,aggregate_row
2026080614,2026-08-09..2026-08-16,1,1,91,93.0000,aggregate_row
2026080614,2026-08-16..2026-08-23,1,1,100,100.0000,aggregate_row
2026080614,2026-08-23..2026-08-30,1,1,168,170.0000,aggregate_row
2026080614,2026-08-30..2026-09-06,1,1,205,213.0000,aggregate_row
2026080614,2026-09-06..2026-09-13,1,1,39,39.0000,aggregate_row
2026080701,2026-08-09..2026-08-16,1,1,11,11.0000,aggregate_row
2026080701,2026-08-16..2026-08-23,1,1,10,10.0000,aggregate_row
2026080701,2026-08-23..2026-08-30,1,1,32,32.0000,aggregate_row
2026080701,2026-08-30..2026-09-06,1,1,25,25.0000,aggregate_row
2026080701,2026-09-06..2026-09-13,1,1,20,20.0000,aggregate_row
2026080701*2,2026-08-09..2026-08-16,1,1,33,33.0000,aggregate_row
2026080701*2,2026-08-16..2026-08-23,1,1,38,38.0000,aggregate_row
2026080701*2,2026-08-23..2026-08-30,1,1,95,95.0000,aggregate_row
2026080701*2,2026-08-30..2026-09-06,1,1,85,85.0000,aggregate_row
2026080701*2,2026-09-06..2026-09-13,1,1,74,74.0000,aggregate_row
2026080701*3,2026-08-09..2026-08-16,1,1,8,8.0000,aggregate_row
2026080701*3,2026-08-16..2026-08-23,1,1,256,256.0000,aggregate_row
2026080701*3,2026-08-23..2026-08-30,1,1,297,297.0000,aggregate_row
2026080701*3,2026-08-30..2026-09-06,1,1,223,223.0000,aggregate_row
2026080701*3,2026-09-06..2026-09-13,1,1,176,176.0000,aggregate_row
2026080701*5,2026-08-09..2026-08-16,1,1,25,25.0000,aggregate_row
2026080701*5,2026-08-16..2026-08-23,1,1,152,154.0000,aggregate_row
2026080701*5,2026-08-23..2026-08-30,1,1,173,175.0000,aggregate_row
2026080701*5,2026-08-30..2026-09-06,1,1,183,211.0000,aggregate_row
2026080701*5,2026-09-06..2026-09-13,1,1,135,143.0000,aggregate_row
2026082104*5,2026-08-09..2026-08-16,1,0,,,verified_zero
2026082104*5,2026-08-16..2026-08-23,1,0,,,verified_zero
2026082104*5,2026-08-23..2026-08-30,1,1,7,7.0000,aggregate_row
2026082104*5,2026-08-30..2026-09-06,1,1,51,52.0000,aggregate_row
2026082104*5,2026-09-06..2026-09-13,1,1,27,27.0000,aggregate_row
2026082301,2026-08-09..2026-08-16,1,0,,,verified_zero
2026082301,2026-08-16..2026-08-23,1,0,,,verified_zero
2026082301,2026-08-23..2026-08-30,1,1,15,15.0000,aggregate_row
2026082301,2026-08-30..2026-09-06,1,1,26,26.0000,aggregate_row
2026082301,2026-09-06..2026-09-13,1,1,14,14.0000,aggregate_row
2026083112,2026-08-09..2026-08-16,1,0,,,verified_zero
2026083112,2026-08-16..2026-08-23,1,0,,,verified_zero
2026083112,2026-08-23..2026-08-30,1,0,,,verified_zero
2026083112,2026-08-30..2026-09-06,1,1,15,15.0000,aggregate_row
2026083112,2026-09-06..2026-09-13,1,1,13,13.0000,aggregate_row
2026083114,2026-08-09..2026-08-16,1,0,,,verified_zero
2026083114,2026-08-16..2026-08-23,1,0,,,verified_zero
2026083114,2026-08-23..2026-08-30,1,0,,,verified_zero
2026083114,2026-08-30..2026-09-06,1,1,13,13.0000,aggregate_row
2026083114,2026-09-06..2026-09-13,1,1,2,2.0000,aggregate_row
2026083115,2026-08-09..2026-08-16,1,0,,,verified_zero
2026083115,2026-08-16..2026-08-23,1,0,,,verified_zero
2026083115,2026-08-23..2026-08-30,1,0,,,verified_zero
2026083115,2026-08-30..2026-09-06,1,1,3,3.0000,aggregate_row
2026083115,2026-09-06..2026-09-13,1,1,1,1.0000,aggregate_row
2026090205,2026-08-09..2026-08-16,1,0,,,verified_zero
2026090205,2026-08-16..2026-08-23,1,0,,,verified_zero
2026090205,2026-08-23..2026-08-30,1,0,,,verified_zero
2026090205,2026-08-30..2026-09-06,1,1,3,3.0000,aggregate_row
2026090205,2026-09-06..2026-09-13,1,1,1,1.0000,aggregate_row
21174,2026-08-09..2026-08-16,1,1,9,9.0000,aggregate_row
21174,2026-08-16..2026-08-23,1,1,11,12.0000,aggregate_row
21174,2026-08-23..2026-08-30,1,1,7,8.0000,aggregate_row
21174,2026-08-30..2026-09-06,1,1,6,8.0000,aggregate_row
21174,2026-09-06..2026-09-13,1,1,3,4.0000,aggregate_row
21174*2,2026-08-09..2026-08-16,1,1,4,4.0000,aggregate_row
21174*2,2026-08-16..2026-08-23,1,1,7,7.0000,aggregate_row
21174*2,2026-08-23..2026-08-30,1,1,5,5.0000,aggregate_row
21174*2,2026-08-30..2026-09-06,1,1,6,6.0000,aggregate_row
21174*2,2026-09-06..2026-09-13,1,1,6,7.0000,aggregate_row
21894*2,2026-08-09..2026-08-16,1,1,32,32.0000,aggregate_row
21894*2,2026-08-16..2026-08-23,1,1,31,31.0000,aggregate_row
21894*2,2026-08-23..2026-08-30,1,1,31,34.0000,aggregate_row
21894*2,2026-08-30..2026-09-06,1,1,60,60.0000,aggregate_row
21894*2,2026-09-06..2026-09-13,1,1,85,85.0000,aggregate_row
21894*3,2026-08-09..2026-08-16,1,1,6,6.0000,aggregate_row
21894*3,2026-08-16..2026-08-23,1,1,4,4.0000,aggregate_row
21894*3,2026-08-23..2026-08-30,1,1,12,12.0000,aggregate_row
21894*3,2026-08-30..2026-09-06,1,1,4,4.0000,aggregate_row
21894*3,2026-09-06..2026-09-13,1,1,14,15.0000,aggregate_row
21894*4,2026-08-09..2026-08-16,1,0,,,verified_zero
21894*4,2026-08-16..2026-08-23,1,1,3,3.0000,aggregate_row
21894*4,2026-08-23..2026-08-30,1,1,10,10.0000,aggregate_row
21894*4,2026-08-30..2026-09-06,1,1,8,11.0000,aggregate_row
21894*4,2026-09-06..2026-09-13,1,1,6,7.0000,aggregate_row
22221,2026-08-09..2026-08-16,1,1,10,10.0000,aggregate_row
22221,2026-08-16..2026-08-23,1,1,13,13.0000,aggregate_row
22221,2026-08-23..2026-08-30,1,1,23,23.0000,aggregate_row
22221,2026-08-30..2026-09-06,1,1,12,12.0000,aggregate_row
22221,2026-09-06..2026-09-13,1,1,17,17.0000,aggregate_row
22266,2026-08-09..2026-08-16,1,1,8,8.0000,aggregate_row
22266,2026-08-16..2026-08-23,1,1,5,5.0000,aggregate_row
22266,2026-08-23..2026-08-30,1,1,9,9.0000,aggregate_row
22266,2026-08-30..2026-09-06,1,1,4,4.0000,aggregate_row
22266,2026-09-06..2026-09-13,1,1,7,7.0000,aggregate_row
22268,2026-08-09..2026-08-16,1,1,7,7.0000,aggregate_row
22268,2026-08-16..2026-08-23,1,1,6,7.0000,aggregate_row
22268,2026-08-23..2026-08-30,1,1,12,12.0000,aggregate_row
22268,2026-08-30..2026-09-06,1,1,7,7.0000,aggregate_row
22268,2026-09-06..2026-09-13,1,1,12,12.0000,aggregate_row
22270,2026-08-09..2026-08-16,1,1,26,29.0000,aggregate_row
22270,2026-08-16..2026-08-23,1,1,16,19.0000,aggregate_row
22270,2026-08-23..2026-08-30,1,1,23,35.0000,aggregate_row
22270,2026-08-30..2026-09-06,1,1,17,26.0000,aggregate_row
22270,2026-09-06..2026-09-13,1,1,23,24.0000,aggregate_row
2238179*15,2026-08-09..2026-08-16,1,1,5,5.0000,aggregate_row
2238179*15,2026-08-16..2026-08-23,1,1,8,8.0000,aggregate_row
2238179*15,2026-08-23..2026-08-30,1,1,6,6.0000,aggregate_row
2238179*15,2026-08-30..2026-09-06,1,0,,,verified_zero
2238179*15,2026-09-06..2026-09-13,1,1,2,2.0000,aggregate_row
2238179*3,2026-08-09..2026-08-16,1,1,53,53.0000,aggregate_row
2238179*3,2026-08-16..2026-08-23,1,1,41,49.0000,aggregate_row
2238179*3,2026-08-23..2026-08-30,1,1,55,56.0000,aggregate_row
2238179*3,2026-08-30..2026-09-06,1,1,54,55.0000,aggregate_row
2238179*3,2026-09-06..2026-09-13,1,1,51,51.0000,aggregate_row
2238179*5,2026-08-09..2026-08-16,1,1,38,38.0000,aggregate_row
2238179*5,2026-08-16..2026-08-23,1,1,33,33.0000,aggregate_row
2238179*5,2026-08-23..2026-08-30,1,1,29,29.0000,aggregate_row
2238179*5,2026-08-30..2026-09-06,1,1,22,22.0000,aggregate_row
2238179*5,2026-09-06..2026-09-13,1,1,30,30.0000,aggregate_row
251034,2026-08-09..2026-08-16,1,1,14,14.0000,aggregate_row
251034,2026-08-16..2026-08-23,1,1,14,14.0000,aggregate_row
251034,2026-08-23..2026-08-30,1,1,12,14.0000,aggregate_row
251034,2026-08-30..2026-09-06,1,1,12,12.0000,aggregate_row
251034,2026-09-06..2026-09-13,1,1,11,14.0000,aggregate_row
251035,2026-08-09..2026-08-16,1,1,320,339.0000,aggregate_row
251035,2026-08-16..2026-08-23,1,1,230,243.0000,aggregate_row
251035,2026-08-23..2026-08-30,1,1,245,259.0000,aggregate_row
251035,2026-08-30..2026-09-06,1,1,224,238.0000,aggregate_row
251035,2026-09-06..2026-09-13,1,1,202,216.0000,aggregate_row
251039,2026-08-09..2026-08-16,1,1,13,13.0000,aggregate_row
251039,2026-08-16..2026-08-23,1,1,5,5.0000,aggregate_row
251039,2026-08-23..2026-08-30,1,1,5,6.0000,aggregate_row
251039,2026-08-30..2026-09-06,1,1,7,8.0000,aggregate_row
251039,2026-09-06..2026-09-13,1,1,7,7.0000,aggregate_row
251128156443101,2026-08-09..2026-08-16,1,1,53,57.0000,aggregate_row
251128156443101,2026-08-16..2026-08-23,1,1,27,27.0000,aggregate_row
251128156443101,2026-08-23..2026-08-30,1,1,45,48.0000,aggregate_row
251128156443101,2026-08-30..2026-09-06,1,1,44,45.0000,aggregate_row
251128156443101,2026-09-06..2026-09-13,1,1,45,45.0000,aggregate_row
251128156443201,2026-08-09..2026-08-16,1,1,29,30.0000,aggregate_row
251128156443201,2026-08-16..2026-08-23,1,1,9,9.0000,aggregate_row
251128156443201,2026-08-23..2026-08-30,1,1,23,23.0000,aggregate_row
251128156443201,2026-08-30..2026-09-06,1,1,24,25.0000,aggregate_row
251128156443201,2026-09-06..2026-09-13,1,1,38,39.0000,aggregate_row
26041726,2026-08-09..2026-08-16,1,1,59,63.0000,aggregate_row
26041726,2026-08-16..2026-08-23,1,1,53,53.0000,aggregate_row
26041726,2026-08-23..2026-08-30,1,1,58,62.0000,aggregate_row
26041726,2026-08-30..2026-09-06,1,1,46,50.0000,aggregate_row
26041726,2026-09-06..2026-09-13,1,1,34,38.0000,aggregate_row
26041727,2026-08-09..2026-08-16,1,1,5,5.0000,aggregate_row
26041727,2026-08-16..2026-08-23,1,0,,,verified_zero
26041727,2026-08-23..2026-08-30,1,1,4,4.0000,aggregate_row
26041727,2026-08-30..2026-09-06,1,1,4,4.0000,aggregate_row
26041727,2026-09-06..2026-09-13,1,1,6,6.0000,aggregate_row
260804101,2026-08-09..2026-08-16,1,1,5,5.0000,aggregate_row
260804101,2026-08-16..2026-08-23,1,1,12,12.0000,aggregate_row
260804101,2026-08-23..2026-08-30,1,1,43,43.0000,aggregate_row
260804101,2026-08-30..2026-09-06,1,1,8,8.0000,aggregate_row
260804101,2026-09-06..2026-09-13,1,1,60,62.0000,aggregate_row
350gBFJ,2026-08-09..2026-08-16,1,1,7,7.0000,aggregate_row
350gBFJ,2026-08-16..2026-08-23,1,1,15,15.0000,aggregate_row
350gBFJ,2026-08-23..2026-08-30,1,1,25,26.0000,aggregate_row
350gBFJ,2026-08-30..2026-09-06,1,1,10,59.0000,aggregate_row
350gBFJ,2026-09-06..2026-09-13,1,1,15,15.0000,aggregate_row
500ggqjy*1,2026-08-09..2026-08-16,1,1,82,83.0000,aggregate_row
500ggqjy*1,2026-08-16..2026-08-23,1,1,54,56.0000,aggregate_row
500ggqjy*1,2026-08-23..2026-08-30,1,1,33,35.0000,aggregate_row
500ggqjy*1,2026-08-30..2026-09-06,1,1,16,16.0000,aggregate_row
500ggqjy*1,2026-09-06..2026-09-13,1,1,19,19.0000,aggregate_row
500ggqjy*2,2026-08-09..2026-08-16,1,1,162,167.0000,aggregate_row
500ggqjy*2,2026-08-16..2026-08-23,1,1,106,107.0000,aggregate_row
500ggqjy*2,2026-08-23..2026-08-30,1,1,61,62.0000,aggregate_row
500ggqjy*2,2026-08-30..2026-09-06,1,1,39,41.0000,aggregate_row
500ggqjy*2,2026-09-06..2026-09-13,1,1,20,22.0000,aggregate_row
500ggqjy*3,2026-08-09..2026-08-16,1,1,39,39.0000,aggregate_row
500ggqjy*3,2026-08-16..2026-08-23,1,1,39,40.0000,aggregate_row
500ggqjy*3,2026-08-23..2026-08-30,1,1,25,25.0000,aggregate_row
500ggqjy*3,2026-08-30..2026-09-06,1,1,16,16.0000,aggregate_row
500ggqjy*3,2026-09-06..2026-09-13,1,1,15,15.0000,aggregate_row
500ggqjy*4,2026-08-09..2026-08-16,1,1,21,23.0000,aggregate_row
500ggqjy*4,2026-08-16..2026-08-23,1,1,13,14.0000,aggregate_row
500ggqjy*4,2026-08-23..2026-08-30,1,1,13,13.0000,aggregate_row
500ggqjy*4,2026-08-30..2026-09-06,1,1,5,5.0000,aggregate_row
500ggqjy*4,2026-09-06..2026-09-13,1,1,4,4.0000,aggregate_row
5400901*2,2026-08-09..2026-08-16,1,1,3,3.0000,aggregate_row
5400901*2,2026-08-16..2026-08-23,1,1,1,1.0000,aggregate_row
5400901*2,2026-08-23..2026-08-30,1,0,,,verified_zero
5400901*2,2026-08-30..2026-09-06,1,0,,,verified_zero
5400901*2,2026-09-06..2026-09-13,1,1,2,2.0000,aggregate_row
5400901*4,2026-08-09..2026-08-16,1,0,,,verified_zero
5400901*4,2026-08-16..2026-08-23,1,1,1,1.0000,aggregate_row
5400901*4,2026-08-23..2026-08-30,1,1,1,1.0000,aggregate_row
5400901*4,2026-08-30..2026-09-06,1,0,,,verified_zero
5400901*4,2026-09-06..2026-09-13,1,0,,,verified_zero
601010049,2026-08-09..2026-08-16,1,1,5,6.0000,aggregate_row
601010049,2026-08-16..2026-08-23,1,1,3,3.0000,aggregate_row
601010049,2026-08-23..2026-08-30,1,1,5,5.0000,aggregate_row
601010049,2026-08-30..2026-09-06,1,1,4,4.0000,aggregate_row
601010049,2026-09-06..2026-09-13,1,1,7,7.0000,aggregate_row
70g梅菜花生12包,2026-08-09..2026-08-16,1,1,120,121.0000,aggregate_row
70g梅菜花生12包,2026-08-16..2026-08-23,1,1,53,53.0000,aggregate_row
70g梅菜花生12包,2026-08-23..2026-08-30,1,1,61,61.0000,aggregate_row
70g梅菜花生12包,2026-08-30..2026-09-06,1,1,58,58.0000,aggregate_row
70g梅菜花生12包,2026-09-06..2026-09-13,1,1,64,64.0000,aggregate_row
70g梅菜花生20包,2026-08-09..2026-08-16,1,1,26,27.0000,aggregate_row
70g梅菜花生20包,2026-08-16..2026-08-23,1,1,11,11.0000,aggregate_row
70g梅菜花生20包,2026-08-23..2026-08-30,1,1,24,24.0000,aggregate_row
70g梅菜花生20包,2026-08-30..2026-09-06,1,1,26,26.0000,aggregate_row
70g梅菜花生20包,2026-09-06..2026-09-13,1,1,14,14.0000,aggregate_row
70g梅菜花生30包,2026-08-09..2026-08-16,1,1,46,48.0000,aggregate_row
70g梅菜花生30包,2026-08-16..2026-08-23,1,1,25,26.0000,aggregate_row
70g梅菜花生30包,2026-08-23..2026-08-30,1,1,39,50.0000,aggregate_row
70g梅菜花生30包,2026-08-30..2026-09-06,1,1,27,27.0000,aggregate_row
70g梅菜花生30包,2026-09-06..2026-09-13,1,1,29,30.0000,aggregate_row
90gkdbc-xaincaisijiangxaing*2,2026-08-09..2026-08-16,1,1,1,1.0000,aggregate_row
90gkdbc-xaincaisijiangxaing*2,2026-08-16..2026-08-23,1,1,2,2.0000,aggregate_row
90gkdbc-xaincaisijiangxaing*2,2026-08-23..2026-08-30,1,1,3,3.0000,aggregate_row
90gkdbc-xaincaisijiangxaing*2,2026-08-30..2026-09-06,1,1,3,3.0000,aggregate_row
90gkdbc-xaincaisijiangxaing*2,2026-09-06..2026-09-13,1,1,3,3.0000,aggregate_row
BLZCX-30g*5袋,2026-08-09..2026-08-16,1,0,,,verified_zero
BLZCX-30g*5袋,2026-08-16..2026-08-23,1,1,1,1.0000,aggregate_row
BLZCX-30g*5袋,2026-08-23..2026-08-30,1,1,1,1.0000,aggregate_row
BLZCX-30g*5袋,2026-08-30..2026-09-06,1,1,3,3.0000,aggregate_row
BLZCX-30g*5袋,2026-09-06..2026-09-13,1,1,1,1.0000,aggregate_row
FCY100GSPNF,2026-08-09..2026-08-16,1,0,,,verified_zero
FCY100GSPNF,2026-08-16..2026-08-23,1,0,,,verified_zero
FCY100GSPNF,2026-08-23..2026-08-30,1,0,,,verified_zero
FCY100GSPNF,2026-08-30..2026-09-06,1,0,,,verified_zero
FCY100GSPNF,2026-09-06..2026-09-13,1,0,,,verified_zero
JBJH-齐市-五香500g,2026-08-09..2026-08-16,1,1,5,19.0000,aggregate_row
JBJH-齐市-五香500g,2026-08-16..2026-08-23,1,1,5,7.0000,aggregate_row
JBJH-齐市-五香500g,2026-08-23..2026-08-30,1,1,5,15.0000,aggregate_row
JBJH-齐市-五香500g,2026-08-30..2026-09-06,1,1,1,1.0000,aggregate_row
JBJH-齐市-五香500g,2026-09-06..2026-09-13,1,1,4,25.0000,aggregate_row
JY-118-2五红粘豆包2包（320g一袋）,2026-08-09..2026-08-16,1,0,,,verified_zero
JY-118-2五红粘豆包2包（320g一袋）,2026-08-16..2026-08-23,1,1,4,4.0000,aggregate_row
JY-118-2五红粘豆包2包（320g一袋）,2026-08-23..2026-08-30,1,1,26,26.0000,aggregate_row
JY-118-2五红粘豆包2包（320g一袋）,2026-08-30..2026-09-06,1,1,27,27.0000,aggregate_row
JY-118-2五红粘豆包2包（320g一袋）,2026-09-06..2026-09-13,1,1,23,23.0000,aggregate_row
JY-202-5五红粘豆包5袋,2026-08-09..2026-08-16,1,0,,,verified_zero
JY-202-5五红粘豆包5袋,2026-08-16..2026-08-23,1,1,2,2.0000,aggregate_row
JY-202-5五红粘豆包5袋,2026-08-23..2026-08-30,1,1,6,7.0000,aggregate_row
JY-202-5五红粘豆包5袋,2026-08-30..2026-09-06,1,1,9,9.0000,aggregate_row
JY-202-5五红粘豆包5袋,2026-09-06..2026-09-13,1,1,4,4.0000,aggregate_row
SJ14010,2026-08-09..2026-08-16,1,1,10,10.0000,aggregate_row
SJ14010,2026-08-16..2026-08-23,1,1,9,9.0000,aggregate_row
SJ14010,2026-08-23..2026-08-30,1,1,10,16.0000,aggregate_row
SJ14010,2026-08-30..2026-09-06,1,1,2,2.0000,aggregate_row
SJ14010,2026-09-06..2026-09-13,1,1,9,11.0000,aggregate_row
SJ7010,2026-08-09..2026-08-16,1,1,32,32.0000,aggregate_row
SJ7010,2026-08-16..2026-08-23,1,1,20,20.0000,aggregate_row
SJ7010,2026-08-23..2026-08-30,1,1,15,15.0000,aggregate_row
SJ7010,2026-08-30..2026-09-06,1,1,19,19.0000,aggregate_row
SJ7010,2026-09-06..2026-09-13,1,1,2,2.0000,aggregate_row
SJ7020,2026-08-09..2026-08-16,1,1,38,39.0000,aggregate_row
SJ7020,2026-08-16..2026-08-23,1,1,18,18.0000,aggregate_row
SJ7020,2026-08-23..2026-08-30,1,1,16,16.0000,aggregate_row
SJ7020,2026-08-30..2026-09-06,1,1,8,8.0000,aggregate_row
SJ7020,2026-09-06..2026-09-13,1,1,4,4.0000,aggregate_row
SJ8006,2026-08-09..2026-08-16,1,1,15,15.0000,aggregate_row
SJ8006,2026-08-16..2026-08-23,1,1,16,16.0000,aggregate_row
SJ8006,2026-08-23..2026-08-30,1,1,21,23.0000,aggregate_row
SJ8006,2026-08-30..2026-09-06,1,1,16,20.0000,aggregate_row
SJ8006,2026-09-06..2026-09-13,1,1,11,11.0000,aggregate_row
SJ9010,2026-08-09..2026-08-16,1,1,10,10.0000,aggregate_row
SJ9010,2026-08-16..2026-08-23,1,1,17,17.0000,aggregate_row
SJ9010,2026-08-23..2026-08-30,1,1,21,21.0000,aggregate_row
SJ9010,2026-08-30..2026-09-06,1,1,11,11.0000,aggregate_row
SJ9010,2026-09-06..2026-09-13,1,1,5,5.0000,aggregate_row
XHS-2T9PSLT7GG00,2026-08-09..2026-08-16,1,1,13,13.0000,aggregate_row
XHS-2T9PSLT7GG00,2026-08-16..2026-08-23,1,1,12,12.0000,aggregate_row
XHS-2T9PSLT7GG00,2026-08-23..2026-08-30,1,1,3,3.0000,aggregate_row
XHS-2T9PSLT7GG00,2026-08-30..2026-09-06,1,1,15,15.0000,aggregate_row
XHS-2T9PSLT7GG00,2026-09-06..2026-09-13,1,1,18,18.0000,aggregate_row
XHS-3AP5XUB97SAO,2026-08-09..2026-08-16,1,1,1,2.0000,aggregate_row
XHS-3AP5XUB97SAO,2026-08-16..2026-08-23,1,0,,,verified_zero
XHS-3AP5XUB97SAO,2026-08-23..2026-08-30,1,1,1,1.0000,aggregate_row
XHS-3AP5XUB97SAO,2026-08-30..2026-09-06,1,1,3,3.0000,aggregate_row
XHS-3AP5XUB97SAO,2026-09-06..2026-09-13,1,0,,,verified_zero
XHS-4DU8M539QEBK,2026-08-09..2026-08-16,1,0,,,verified_zero
XHS-4DU8M539QEBK,2026-08-16..2026-08-23,1,0,,,verified_zero
XHS-4DU8M539QEBK,2026-08-23..2026-08-30,1,0,,,verified_zero
XHS-4DU8M539QEBK,2026-08-30..2026-09-06,1,0,,,verified_zero
XHS-4DU8M539QEBK,2026-09-06..2026-09-13,1,0,,,verified_zero
XHS-4GN0EVWSYM0W,2026-08-09..2026-08-16,1,0,,,verified_zero
XHS-4GN0EVWSYM0W,2026-08-16..2026-08-23,1,0,,,verified_zero
XHS-4GN0EVWSYM0W,2026-08-23..2026-08-30,1,0,,,verified_zero
XHS-4GN0EVWSYM0W,2026-08-30..2026-09-06,1,1,5,5.0000,aggregate_row
XHS-4GN0EVWSYM0W,2026-09-06..2026-09-13,1,1,1,1.0000,aggregate_row
ZM1,2026-08-09..2026-08-16,1,1,81,81.0000,aggregate_row
ZM1,2026-08-16..2026-08-23,1,1,53,53.0000,aggregate_row
ZM1,2026-08-23..2026-08-30,1,1,1,1.0000,aggregate_row
ZM1,2026-08-30..2026-09-06,1,0,,,verified_zero
ZM1,2026-09-06..2026-09-13,1,0,,,verified_zero
ZM4,2026-08-09..2026-08-16,1,1,4,4.0000,aggregate_row
ZM4,2026-08-16..2026-08-23,1,1,2,2.0000,aggregate_row
ZM4,2026-08-23..2026-08-30,1,1,1,1.0000,aggregate_row
ZM4,2026-08-30..2026-09-06,1,0,,,verified_zero
ZM4,2026-09-06..2026-09-13,1,0,,,verified_zero
ZM6个,2026-08-09..2026-08-16,1,1,37,37.0000,aggregate_row
ZM6个,2026-08-16..2026-08-23,1,1,16,16.0000,aggregate_row
ZM6个,2026-08-23..2026-08-30,1,0,,,verified_zero
ZM6个,2026-08-30..2026-09-06,1,0,,,verified_zero
ZM6个,2026-09-06..2026-09-13,1,0,,,verified_zero
ccxkws-30-5,2026-08-09..2026-08-16,1,1,9,11.0000,aggregate_row
ccxkws-30-5,2026-08-16..2026-08-23,1,1,11,11.0000,aggregate_row
ccxkws-30-5,2026-08-23..2026-08-30,1,1,12,13.0000,aggregate_row
ccxkws-30-5,2026-08-30..2026-09-06,1,1,15,15.0000,aggregate_row
ccxkws-30-5,2026-09-06..2026-09-13,1,1,17,17.0000,aggregate_row
hqq350gd,2026-08-09..2026-08-16,1,1,1,1.0000,aggregate_row
hqq350gd,2026-08-16..2026-08-23,1,1,1,1.0000,aggregate_row
hqq350gd,2026-08-23..2026-08-30,1,1,1,1.0000,aggregate_row
hqq350gd,2026-08-30..2026-09-06,1,1,6,6.0000,aggregate_row
hqq350gd,2026-09-06..2026-09-13,1,0,,,verified_zero
hqq350gd*5,2026-08-09..2026-08-16,1,1,1,4.0000,aggregate_row
hqq350gd*5,2026-08-16..2026-08-23,1,1,2,12.0000,aggregate_row
hqq350gd*5,2026-08-23..2026-08-30,1,1,2,10.0000,aggregate_row
hqq350gd*5,2026-08-30..2026-09-06,1,0,,,verified_zero
hqq350gd*5,2026-09-06..2026-09-13,1,0,,,verified_zero
jiao500gdai*3,2026-08-09..2026-08-16,1,1,14,14.0000,aggregate_row
jiao500gdai*3,2026-08-16..2026-08-23,1,1,17,18.0000,aggregate_row
jiao500gdai*3,2026-08-23..2026-08-30,1,1,14,14.0000,aggregate_row
jiao500gdai*3,2026-08-30..2026-09-06,1,1,20,21.0000,aggregate_row
jiao500gdai*3,2026-09-06..2026-09-13,1,1,6,6.0000,aggregate_row
jx50g*20,2026-08-09..2026-08-16,1,1,4,4.0000,aggregate_row
jx50g*20,2026-08-16..2026-08-23,1,1,1,1.0000,aggregate_row
jx50g*20,2026-08-23..2026-08-30,1,1,2,2.0000,aggregate_row
jx50g*20,2026-08-30..2026-09-06,1,1,1,1.0000,aggregate_row
jx50g*20,2026-09-06..2026-09-13,1,1,5,5.0000,aggregate_row
lxxgedatang*2,2026-08-09..2026-08-16,1,1,90,93.0000,aggregate_row
lxxgedatang*2,2026-08-16..2026-08-23,1,1,107,108.0000,aggregate_row
lxxgedatang*2,2026-08-23..2026-08-30,1,1,130,130.0000,aggregate_row
lxxgedatang*2,2026-08-30..2026-09-06,1,1,140,142.0000,aggregate_row
lxxgedatang*2,2026-09-06..2026-09-13,1,1,112,113.0000,aggregate_row
lxxgedatang*4,2026-08-09..2026-08-16,1,1,27,37.0000,aggregate_row
lxxgedatang*4,2026-08-16..2026-08-23,1,1,32,43.0000,aggregate_row
lxxgedatang*4,2026-08-23..2026-08-30,1,1,45,46.0000,aggregate_row
lxxgedatang*4,2026-08-30..2026-09-06,1,1,52,56.0000,aggregate_row
lxxgedatang*4,2026-09-06..2026-09-13,1,1,30,35.0000,aggregate_row
qhj50g*20,2026-08-09..2026-08-16,1,1,19,28.0000,aggregate_row
qhj50g*20,2026-08-16..2026-08-23,1,1,9,33.0000,aggregate_row
qhj50g*20,2026-08-23..2026-08-30,1,1,10,17.0000,aggregate_row
qhj50g*20,2026-08-30..2026-09-06,1,1,8,11.0000,aggregate_row
qhj50g*20,2026-09-06..2026-09-13,1,1,11,26.0000,aggregate_row
qhj50g*5+jx50g*5,2026-08-09..2026-08-16,1,1,9,9.0000,aggregate_row
qhj50g*5+jx50g*5,2026-08-16..2026-08-23,1,1,7,7.0000,aggregate_row
qhj50g*5+jx50g*5,2026-08-23..2026-08-30,1,1,4,4.0000,aggregate_row
qhj50g*5+jx50g*5,2026-08-30..2026-09-06,1,1,6,6.0000,aggregate_row
qhj50g*5+jx50g*5,2026-09-06..2026-09-13,1,1,6,6.0000,aggregate_row
qhj50g*50,2026-08-09..2026-08-16,1,1,4,7.0000,aggregate_row
qhj50g*50,2026-08-16..2026-08-23,1,1,3,4.0000,aggregate_row
qhj50g*50,2026-08-23..2026-08-30,1,1,6,12.0000,aggregate_row
qhj50g*50,2026-08-30..2026-09-06,1,1,3,7.0000,aggregate_row
qhj50g*50,2026-09-06..2026-09-13,1,1,4,6.0000,aggregate_row
xiaodoufu*3,2026-08-09..2026-08-16,1,1,78,78.0000,aggregate_row
xiaodoufu*3,2026-08-16..2026-08-23,1,1,125,126.0000,aggregate_row
xiaodoufu*3,2026-08-23..2026-08-30,1,1,124,125.0000,aggregate_row
xiaodoufu*3,2026-08-30..2026-09-06,1,1,129,129.0000,aggregate_row
xiaodoufu*3,2026-09-06..2026-09-13,1,1,74,74.0000,aggregate_row
xiaodoufu*5,2026-08-09..2026-08-16,1,1,42,44.0000,aggregate_row
xiaodoufu*5,2026-08-16..2026-08-23,1,1,59,62.0000,aggregate_row
xiaodoufu*5,2026-08-23..2026-08-30,1,1,91,94.0000,aggregate_row
xiaodoufu*5,2026-08-30..2026-09-06,1,1,76,78.0000,aggregate_row
xiaodoufu*5,2026-09-06..2026-09-13,1,1,110,114.0000,aggregate_row
yuebing-sghh51,2026-08-09..2026-08-16,1,0,,,verified_zero
yuebing-sghh51,2026-08-16..2026-08-23,1,1,3,3.0000,aggregate_row
yuebing-sghh51,2026-08-23..2026-08-30,1,1,5,5.0000,aggregate_row
yuebing-sghh51,2026-08-30..2026-09-06,1,1,8,8.0000,aggregate_row
yuebing-sghh51,2026-09-06..2026-09-13,1,1,5,5.0000,aggregate_row
初备50g煎饼4个口味各1袋,2026-08-09..2026-08-16,1,1,89,89.0000,aggregate_row
初备50g煎饼4个口味各1袋,2026-08-16..2026-08-23,1,1,73,73.0000,aggregate_row
初备50g煎饼4个口味各1袋,2026-08-23..2026-08-30,1,1,51,53.0000,aggregate_row
初备50g煎饼4个口味各1袋,2026-08-30..2026-09-06,1,1,25,25.0000,aggregate_row
初备50g煎饼4个口味各1袋,2026-09-06..2026-09-13,1,1,44,44.0000,aggregate_row
初备50g煎饼4个口味各2袋,2026-08-09..2026-08-16,1,1,39,39.0000,aggregate_row
初备50g煎饼4个口味各2袋,2026-08-16..2026-08-23,1,1,27,28.0000,aggregate_row
初备50g煎饼4个口味各2袋,2026-08-23..2026-08-30,1,1,16,16.0000,aggregate_row
初备50g煎饼4个口味各2袋,2026-08-30..2026-09-06,1,1,15,15.0000,aggregate_row
初备50g煎饼4个口味各2袋,2026-09-06..2026-09-13,1,1,25,26.0000,aggregate_row
剁椒贡菜罐装280g*3,2026-08-09..2026-08-16,1,1,1,1.0000,aggregate_row
剁椒贡菜罐装280g*3,2026-08-16..2026-08-23,1,0,,,verified_zero
剁椒贡菜罐装280g*3,2026-08-23..2026-08-30,1,1,1,1.0000,aggregate_row
剁椒贡菜罐装280g*3,2026-08-30..2026-09-06,1,0,,,verified_zero
剁椒贡菜罐装280g*3,2026-09-06..2026-09-13,1,1,4,4.0000,aggregate_row
千层条蛋糕·缤纷口味礼盒560g*1,2026-08-09..2026-08-16,1,1,6,6.0000,aggregate_row
千层条蛋糕·缤纷口味礼盒560g*1,2026-08-16..2026-08-23,1,1,4,5.0000,aggregate_row
千层条蛋糕·缤纷口味礼盒560g*1,2026-08-23..2026-08-30,1,0,,,verified_zero
千层条蛋糕·缤纷口味礼盒560g*1,2026-08-30..2026-09-06,1,1,3,3.0000,aggregate_row
千层条蛋糕·缤纷口味礼盒560g*1,2026-09-06..2026-09-13,1,1,1,1.0000,aggregate_row
南小贤蓝莓酱200g3瓶,2026-08-09..2026-08-16,1,1,3,3.0000,aggregate_row
南小贤蓝莓酱200g3瓶,2026-08-16..2026-08-23,1,1,2,2.0000,aggregate_row
南小贤蓝莓酱200g3瓶,2026-08-23..2026-08-30,1,1,5,5.0000,aggregate_row
南小贤蓝莓酱200g3瓶,2026-08-30..2026-09-06,1,1,1,1.0000,aggregate_row
南小贤蓝莓酱200g3瓶,2026-09-06..2026-09-13,1,1,6,6.0000,aggregate_row
圆月福蛋黄+五仁,2026-08-09..2026-08-16,1,1,2,2.0000,aggregate_row
圆月福蛋黄+五仁,2026-08-16..2026-08-23,1,0,,,verified_zero
圆月福蛋黄+五仁,2026-08-23..2026-08-30,1,1,2,2.0000,aggregate_row
圆月福蛋黄+五仁,2026-08-30..2026-09-06,1,1,1,1.0000,aggregate_row
圆月福蛋黄+五仁,2026-09-06..2026-09-13,1,1,2,2.0000,aggregate_row
希腊厚酸奶【原味】500g,2026-08-09..2026-08-16,1,1,42,49.0000,aggregate_row
希腊厚酸奶【原味】500g,2026-08-16..2026-08-23,1,1,40,44.0000,aggregate_row
希腊厚酸奶【原味】500g,2026-08-23..2026-08-30,1,1,52,54.0000,aggregate_row
希腊厚酸奶【原味】500g,2026-08-30..2026-09-06,1,1,30,32.0000,aggregate_row
希腊厚酸奶【原味】500g,2026-09-06..2026-09-13,1,1,50,54.0000,aggregate_row
希腊厚酸奶【原味】500g+蓝莓味,2026-08-09..2026-08-16,1,1,3,3.0000,aggregate_row
希腊厚酸奶【原味】500g+蓝莓味,2026-08-16..2026-08-23,1,1,3,3.0000,aggregate_row
希腊厚酸奶【原味】500g+蓝莓味,2026-08-23..2026-08-30,1,1,3,5.0000,aggregate_row
希腊厚酸奶【原味】500g+蓝莓味,2026-08-30..2026-09-06,1,1,3,3.0000,aggregate_row
希腊厚酸奶【原味】500g+蓝莓味,2026-09-06..2026-09-13,1,1,1,1.0000,aggregate_row
希腊厚酸奶【杨枝甘露味】500g,2026-08-09..2026-08-16,1,1,58,60.0000,aggregate_row
希腊厚酸奶【杨枝甘露味】500g,2026-08-16..2026-08-23,1,1,57,61.0000,aggregate_row
希腊厚酸奶【杨枝甘露味】500g,2026-08-23..2026-08-30,1,1,68,70.0000,aggregate_row
希腊厚酸奶【杨枝甘露味】500g,2026-08-30..2026-09-06,1,1,53,57.0000,aggregate_row
希腊厚酸奶【杨枝甘露味】500g,2026-09-06..2026-09-13,1,1,45,46.0000,aggregate_row
手指饼干-奶油味10包,2026-08-09..2026-08-16,1,1,1,1.0000,aggregate_row
手指饼干-奶油味10包,2026-08-16..2026-08-23,1,0,,,verified_zero
手指饼干-奶油味10包,2026-08-23..2026-08-30,1,1,1,1.0000,aggregate_row
手指饼干-奶油味10包,2026-08-30..2026-09-06,1,1,1,1.0000,aggregate_row
手指饼干-奶油味10包,2026-09-06..2026-09-13,1,1,2,2.0000,aggregate_row
椒盐香葱月饼10个,2026-08-09..2026-08-16,1,1,73,73.0000,aggregate_row
椒盐香葱月饼10个,2026-08-16..2026-08-23,1,1,58,58.0000,aggregate_row
椒盐香葱月饼10个,2026-08-23..2026-08-30,1,1,89,90.0000,aggregate_row
椒盐香葱月饼10个,2026-08-30..2026-09-06,1,1,82,82.0000,aggregate_row
椒盐香葱月饼10个,2026-09-06..2026-09-13,1,1,57,60.0000,aggregate_row
椒盐香葱月饼15个,2026-08-09..2026-08-16,1,1,2,2.0000,aggregate_row
椒盐香葱月饼15个,2026-08-16..2026-08-23,1,1,13,13.0000,aggregate_row
椒盐香葱月饼15个,2026-08-23..2026-08-30,1,1,13,13.0000,aggregate_row
椒盐香葱月饼15个,2026-08-30..2026-09-06,1,1,18,18.0000,aggregate_row
椒盐香葱月饼15个,2026-09-06..2026-09-13,1,1,13,13.0000,aggregate_row
椒盐香葱月饼50个,2026-08-09..2026-08-16,1,0,,,verified_zero
椒盐香葱月饼50个,2026-08-16..2026-08-23,1,1,1,1.0000,aggregate_row
椒盐香葱月饼50个,2026-08-23..2026-08-30,1,0,,,verified_zero
椒盐香葱月饼50个,2026-08-30..2026-09-06,1,0,,,verified_zero
椒盐香葱月饼50个,2026-09-06..2026-09-13,1,0,,,verified_zero
椒盐香葱月饼5个,2026-08-09..2026-08-16,1,1,61,66.0000,aggregate_row
椒盐香葱月饼5个,2026-08-16..2026-08-23,1,1,108,109.0000,aggregate_row
椒盐香葱月饼5个,2026-08-23..2026-08-30,1,1,382,383.0000,aggregate_row
椒盐香葱月饼5个,2026-08-30..2026-09-06,1,1,396,397.0000,aggregate_row
椒盐香葱月饼5个,2026-09-06..2026-09-13,1,1,367,368.0000,aggregate_row
椰香薄脆60包,2026-08-09..2026-08-16,1,1,2,2.0000,aggregate_row
椰香薄脆60包,2026-08-16..2026-08-23,1,1,1,6.0000,aggregate_row
椰香薄脆60包,2026-08-23..2026-08-30,1,0,,,verified_zero
椰香薄脆60包,2026-08-30..2026-09-06,1,1,3,3.0000,aggregate_row
椰香薄脆60包,2026-09-06..2026-09-13,1,1,3,3.0000,aggregate_row
橙色袋玉米糁芸豆组合卷材2.5kg,2026-08-09..2026-08-16,1,1,94,94.0000,aggregate_row
橙色袋玉米糁芸豆组合卷材2.5kg,2026-08-16..2026-08-23,1,1,106,106.0000,aggregate_row
橙色袋玉米糁芸豆组合卷材2.5kg,2026-08-23..2026-08-30,1,1,119,121.0000,aggregate_row
橙色袋玉米糁芸豆组合卷材2.5kg,2026-08-30..2026-09-06,1,1,119,119.0000,aggregate_row
橙色袋玉米糁芸豆组合卷材2.5kg,2026-09-06..2026-09-13,1,1,77,78.0000,aggregate_row
橙色袋玉米糁芸豆组合卷材2.5kg*2,2026-08-09..2026-08-16,1,1,32,33.0000,aggregate_row
橙色袋玉米糁芸豆组合卷材2.5kg*2,2026-08-16..2026-08-23,1,1,18,19.0000,aggregate_row
橙色袋玉米糁芸豆组合卷材2.5kg*2,2026-08-23..2026-08-30,1,1,22,23.0000,aggregate_row
橙色袋玉米糁芸豆组合卷材2.5kg*2,2026-08-30..2026-09-06,1,1,20,21.0000,aggregate_row
橙色袋玉米糁芸豆组合卷材2.5kg*2,2026-09-06..2026-09-13,1,1,19,25.0000,aggregate_row
甜味红豆糍粑180克【1袋6个】*2,2026-08-09..2026-08-16,1,0,,,verified_zero
甜味红豆糍粑180克【1袋6个】*2,2026-08-16..2026-08-23,1,1,4,4.0000,aggregate_row
甜味红豆糍粑180克【1袋6个】*2,2026-08-23..2026-08-30,1,1,10,10.0000,aggregate_row
甜味红豆糍粑180克【1袋6个】*2,2026-08-30..2026-09-06,1,1,4,4.0000,aggregate_row
甜味红豆糍粑180克【1袋6个】*2,2026-09-06..2026-09-13,1,1,6,6.0000,aggregate_row
石磨全麦粉2.5kg,2026-08-09..2026-08-16,1,1,16,18.0000,aggregate_row
石磨全麦粉2.5kg,2026-08-16..2026-08-23,1,1,24,26.0000,aggregate_row
石磨全麦粉2.5kg,2026-08-23..2026-08-30,1,1,20,20.0000,aggregate_row
石磨全麦粉2.5kg,2026-08-30..2026-09-06,1,1,19,22.0000,aggregate_row
石磨全麦粉2.5kg,2026-09-06..2026-09-13,1,1,19,23.0000,aggregate_row
石磨荞麦面粉2.5kg,2026-08-09..2026-08-16,1,1,274,300.0000,aggregate_row
石磨荞麦面粉2.5kg,2026-08-16..2026-08-23,1,1,269,294.0000,aggregate_row
石磨荞麦面粉2.5kg,2026-08-23..2026-08-30,1,1,244,275.0000,aggregate_row
石磨荞麦面粉2.5kg,2026-08-30..2026-09-06,1,1,250,278.0000,aggregate_row
石磨荞麦面粉2.5kg,2026-09-06..2026-09-13,1,1,245,288.0000,aggregate_row
笨大碴5斤,2026-08-09..2026-08-16,1,1,2,2.0000,aggregate_row
笨大碴5斤,2026-08-16..2026-08-23,1,1,2,2.0000,aggregate_row
笨大碴5斤,2026-08-23..2026-08-30,1,1,10,10.0000,aggregate_row
笨大碴5斤,2026-08-30..2026-09-06,1,1,3,3.0000,aggregate_row
笨大碴5斤,2026-09-06..2026-09-13,1,1,2,2.0000,aggregate_row
纸皮五谷丰登400g*1袋:JY-206-1,2026-08-09..2026-08-16,1,0,,,verified_zero
纸皮五谷丰登400g*1袋:JY-206-1,2026-08-16..2026-08-23,1,1,15,15.0000,aggregate_row
纸皮五谷丰登400g*1袋:JY-206-1,2026-08-23..2026-08-30,1,1,20,20.0000,aggregate_row
纸皮五谷丰登400g*1袋:JY-206-1,2026-08-30..2026-09-06,1,1,12,12.0000,aggregate_row
纸皮五谷丰登400g*1袋:JY-206-1,2026-09-06..2026-09-13,1,0,,,verified_zero
组泡姜芽300g(零添加)*2,2026-08-09..2026-08-16,1,0,,,verified_zero
组泡姜芽300g(零添加)*2,2026-08-16..2026-08-23,1,0,,,verified_zero
组泡姜芽300g(零添加)*2,2026-08-23..2026-08-30,1,0,,,verified_zero
组泡姜芽300g(零添加)*2,2026-08-30..2026-09-06,1,0,,,verified_zero
组泡姜芽300g(零添加)*2,2026-09-06..2026-09-13,1,0,,,verified_zero
美汁炫苹果醋350ml*24,2026-08-09..2026-08-16,1,0,,,verified_zero
美汁炫苹果醋350ml*24,2026-08-16..2026-08-23,1,1,7,7.0000,aggregate_row
美汁炫苹果醋350ml*24,2026-08-23..2026-08-30,1,1,18,18.0000,aggregate_row
美汁炫苹果醋350ml*24,2026-08-30..2026-09-06,1,1,13,13.0000,aggregate_row
美汁炫苹果醋350ml*24,2026-09-06..2026-09-13,1,1,12,12.0000,aggregate_row
腊八蒜400g（无添加）,2026-08-09..2026-08-16,1,1,37,37.0000,aggregate_row
腊八蒜400g（无添加）,2026-08-16..2026-08-23,1,1,29,30.0000,aggregate_row
腊八蒜400g（无添加）,2026-08-23..2026-08-30,1,1,38,38.0000,aggregate_row
腊八蒜400g（无添加）,2026-08-30..2026-09-06,1,1,60,60.0000,aggregate_row
腊八蒜400g（无添加）,2026-09-06..2026-09-13,1,1,59,59.0000,aggregate_row
腊八蒜400g（无添加）2瓶,2026-08-09..2026-08-16,1,1,21,21.0000,aggregate_row
腊八蒜400g（无添加）2瓶,2026-08-16..2026-08-23,1,1,22,22.0000,aggregate_row
腊八蒜400g（无添加）2瓶,2026-08-23..2026-08-30,1,1,24,24.0000,aggregate_row
腊八蒜400g（无添加）2瓶,2026-08-30..2026-09-06,1,1,40,40.0000,aggregate_row
腊八蒜400g（无添加）2瓶,2026-09-06..2026-09-13,1,1,39,39.0000,aggregate_row
花椒泡大蒜238g*2瓶,2026-08-09..2026-08-16,1,1,73,73.0000,aggregate_row
花椒泡大蒜238g*2瓶,2026-08-16..2026-08-23,1,1,56,57.0000,aggregate_row
花椒泡大蒜238g*2瓶,2026-08-23..2026-08-30,1,1,54,54.0000,aggregate_row
花椒泡大蒜238g*2瓶,2026-08-30..2026-09-06,1,1,10,10.0000,aggregate_row
花椒泡大蒜238g*2瓶,2026-09-06..2026-09-13,1,1,9,9.0000,aggregate_row
辣之洲野山椒腊八豆285g*2瓶,2026-08-09..2026-08-16,1,1,103,106.0000,aggregate_row
辣之洲野山椒腊八豆285g*2瓶,2026-08-16..2026-08-23,1,1,74,75.0000,aggregate_row
辣之洲野山椒腊八豆285g*2瓶,2026-08-23..2026-08-30,1,1,81,81.0000,aggregate_row
辣之洲野山椒腊八豆285g*2瓶,2026-08-30..2026-09-06,1,1,92,92.0000,aggregate_row
辣之洲野山椒腊八豆285g*2瓶,2026-09-06..2026-09-13,1,1,75,80.0000,aggregate_row
醉锅里油泼面15g*  20包,2026-08-09..2026-08-16,1,1,9,9.0000,aggregate_row
醉锅里油泼面15g*  20包,2026-08-16..2026-08-23,1,1,5,5.0000,aggregate_row
醉锅里油泼面15g*  20包,2026-08-23..2026-08-30,1,1,11,11.0000,aggregate_row
醉锅里油泼面15g*  20包,2026-08-30..2026-09-06,1,1,22,22.0000,aggregate_row
醉锅里油泼面15g*  20包,2026-09-06..2026-09-13,1,1,24,24.0000,aggregate_row
醉锅里油泼面15g*10包,2026-08-09..2026-08-16,1,1,41,42.0000,aggregate_row
醉锅里油泼面15g*10包,2026-08-16..2026-08-23,1,1,29,29.0000,aggregate_row
醉锅里油泼面15g*10包,2026-08-23..2026-08-30,1,1,23,23.0000,aggregate_row
醉锅里油泼面15g*10包,2026-08-30..2026-09-06,1,1,62,62.0000,aggregate_row
醉锅里油泼面15g*10包,2026-09-06..2026-09-13,1,1,46,46.0000,aggregate_row
麻辣儿菜干250g*4袋,2026-08-09..2026-08-16,1,1,3,4.0000,aggregate_row
麻辣儿菜干250g*4袋,2026-08-16..2026-08-23,1,0,,,verified_zero
麻辣儿菜干250g*4袋,2026-08-23..2026-08-30,1,1,4,4.0000,aggregate_row
麻辣儿菜干250g*4袋,2026-08-30..2026-09-06,1,1,5,5.0000,aggregate_row
麻辣儿菜干250g*4袋,2026-09-06..2026-09-13,1,1,1,1.0000,aggregate_row
黑芝麻夹心糍粑180克【1袋6个】,2026-08-09..2026-08-16,1,0,,,verified_zero
黑芝麻夹心糍粑180克【1袋6个】,2026-08-16..2026-08-23,1,1,9,9.0000,aggregate_row
黑芝麻夹心糍粑180克【1袋6个】,2026-08-23..2026-08-30,1,1,22,27.0000,aggregate_row
黑芝麻夹心糍粑180克【1袋6个】,2026-08-30..2026-09-06,1,1,36,36.0000,aggregate_row
黑芝麻夹心糍粑180克【1袋6个】,2026-09-06..2026-09-13,1,1,41,41.0000,aggregate_row
黑芝麻夹心糍粑180克【1袋6个】*2,2026-08-09..2026-08-16,1,0,,,verified_zero
黑芝麻夹心糍粑180克【1袋6个】*2,2026-08-16..2026-08-23,1,1,14,14.0000,aggregate_row
黑芝麻夹心糍粑180克【1袋6个】*2,2026-08-23..2026-08-30,1,1,74,74.0000,aggregate_row
黑芝麻夹心糍粑180克【1袋6个】*2,2026-08-30..2026-09-06,1,1,110,110.0000,aggregate_row
黑芝麻夹心糍粑180克【1袋6个】*2,2026-09-06..2026-09-13,1,1,102,102.0000,aggregate_row
